FoodID,FoodName,Category,Calories,Protein,Carbohydrates,Fat,Fiber,GlycemicIndex,Sodium_mg,Potassium_mg,Magnesium_mg,Calcium_mg,VitaminD_mcg,Zinc_mg,Omega3_g,SaturatedFat_g,Sugars,Cholesterol_mg,Meal_Type,NutrientDensity,GlycemicLoad,HeartHealthIndicator,AntiInflammatoryPotential,InsulinResistanceSuitability,HormonalHealthScore,WeightManagementScore,pcos_friendliness_score
1,Apple,Fruit,52,0.3,14.0,0.2,2.4,39,0,107.0,9.0,6.0,0.0,0.0,0.0,0.020000000000000004,19.0,0.0,Snack,0.11225490196078432,5.46,66.65333333333334,10.540000000000001,46.800000000000004,2.6999999999999997,50.5,27.450000000000003
2,Banana,Fruit,96,1.1,23.0,0.2,2.6,51,1,358.0,27.0,5.0,0.0,0.0,0.0,0.020000000000000004,14.0,0.0,Breakfast,0.1240867579908676,11.73,84.08666666666667,25.44,42.0,8.100000000000001,42.5,29.485
3,Orange,Fruit,43,0.9,9.0,0.1,2.3,42,0,181.0,10.0,40.0,0.0,0.0,0.0,0.010000000000000002,12.0,0.0,Snack,0.1716845878136201,3.78,71.22666666666666,27.869999999999997,45.8,3.0,50.7,31.597499999999997
4,Strawberries,General,29,0.7,7.0,0.3,2.0,40,1,153.0,13.0,16.0,0.0,0.0,0.0,0.03,0.0,0.0,Any,0.16350210970464132,2.8,67.98,57.209999999999994,45.4,3.9000000000000004,51.5,39.1975
5,Blueberries,General,57,0.7,14.0,0.3,2.4,53,1,77.0,9.0,6.0,0.0,0.0,0.0,0.03,0.0,0.0,Any,0.11448598130841121,7.42,64.51333333333334,58.01,39.199999999999996,2.6999999999999997,43.8,35.6975
6,Watermelon,General,30,0.6,8.0,0.2,0.6,76,1,112.0,11.0,8.0,0.0,0.0,0.0,0.020000000000000004,0.0,0.0,Any,0.084375,6.08,59.68666666666667,52.839999999999996,17.999999999999996,3.3,27.60000000000001,24.955000000000002
7,Pineapple,General,50,0.5,13.0,0.1,1.4,66,1,180.0,12.0,13.0,0.0,0.0,0.0,0.010000000000000002,0.0,0.0,Any,0.09966666666666667,8.58,67.46,55.370000000000005,27.0,3.5999999999999996,33.599999999999994,29.5625
8,Mango,General,60,0.8,15.0,0.4,1.6,51,2,156.0,9.0,11.0,0.0,0.0,0.0,0.04000000000000001,0.0,0.0,Any,0.09348484848484846,7.65,66.44,55.58,37.4,2.6999999999999997,41.5,34.09
9,Grapes,General,69,0.7,18.0,0.2,0.9,46,2,191.0,11.0,10.0,0.0,0.0,0.0,0.020000000000000004,0.0,0.0,Any,0.06848739495798319,8.28,66.05333333333334,53.74,37.4,3.3,40.1,33.5
10,Avocado,General,160,2.0,9.0,15.0,6.7,15,7,480.0,29.0,12.0,0.0,0.0,0.1,1.5,0.0,0.0,Any,0.18944444444444444,1.35,100.0,71.0,81.8,11.2,72.3,59.550000000000004
11,Tomato,General,18,0.9,4.0,0.2,1.2,15,5,237.0,11.0,6.0,0.0,0.0,0.0,0.020000000000000004,0.0,0.0,Any,0.13455882352941176,0.6,70.02,54.64,57.599999999999994,3.3,62.3,44.224999999999994
12,Carrot,General,41,0.9,10.0,0.2,2.8,47,69,320.0,12.0,33.0,0.0,0.0,0.0,0.020000000000000004,0.0,0.0,Any,0.19157509157509153,4.7,75.55333333333333,59.54,44.8,3.5999999999999996,50.39999999999999,39.305
13,Broccoli,General,55,4.2,11.0,0.6,2.6,15,33,316.0,80.0,100.0,0.0,0.5,0.0,0.06,0.0,0.0,Any,0.48,1.65,77.92666666666668,65.61999999999999,69.8,26.0,70.80000000000001,58.005
14,Spinach,General,23,2.9,3.6,0.4,2.2,15,79,558.0,80.0,100.0,0.0,0.5,0.0,0.04000000000000001,0.0,0.0,Any,0.6365296803652968,0.54,87.94,64.47999999999999,65.6,26.0,69.8,56.26
15,Lettuce,General,5,0.5,1.0,0.1,0.5,15,5,45.0,8.0,18.0,0.0,0.0,0.0,0.010000000000000002,0.0,0.0,Any,0.11757575757575758,0.15,54.46,52.269999999999996,54.0,2.4,60.0,41.8675
16,Cucumber,General,16,0.7,3.6,0.1,0.5,15,2,147.0,13.0,16.0,0.0,0.0,0.0,0.010000000000000002,0.0,0.0,Any,0.11994949494949494,0.54,61.559999999999995,52.769999999999996,54.4,3.9000000000000004,59.3,42.3475
17,Zucchini,General,17,1.2,3.1,0.2,1.0,15,3,295.0,18.0,16.0,0.0,0.0,0.0,0.020000000000000004,0.0,0.0,Any,0.17661691542288557,0.465,73.28666666666666,54.739999999999995,57.4,5.3999999999999995,62.2,44.69499999999999
18,Bell Pepper,General,31,1.3,6.0,0.3,2.1,15,1,211.0,10.0,10.0,0.0,0.0,0.0,0.03,0.0,0.0,Any,0.16172839506172842,0.9,72.24666666666667,57.209999999999994,62.0,3.0,65.4,46.7325
19,Cauliflower,General,25,2.0,5.0,0.3,2.0,15,30,299.0,15.0,22.0,0.0,0.0,0.0,0.03,0.0,0.0,Any,0.22155555555555556,0.75,74.81333333333333,57.41,63.0,4.5,67.0,47.777499999999996
20,Celery,General,6,0.3,1.2,0.1,1.6,15,35,104.0,8.0,40.0,0.0,0.0,0.0,0.010000000000000002,0.0,0.0,Any,0.21309523809523814,0.18,59.79333333333333,55.56999999999999,58.0,2.4,63.900000000000006,44.6725
21,Eggplant,General,25,1.0,6.0,0.2,3.0,15,2,229.0,14.0,9.0,5.0,1.0,0.0,0.020000000000000004,0.0,0.0,Any,0.640888888888889,0.9,76.98666666666666,60.339999999999996,65.0,33.2,69.0,56.685
22,Sweet Potato,General,86,1.6,20.0,0.1,3.0,70,55,337.0,23.0,30.0,0.0,0.0,0.0,0.010000000000000002,0.0,0.0,Any,0.1613970588235294,14.0,78.92666666666666,61.269999999999996,33.2,6.9,36.599999999999994,34.3225
23,Brown Rice,General,216,5.0,45.8,1.8,3.5,68,7,154.0,43.0,19.0,0.0,0.0,0.0,0.18000000000000002,0.0,0.0,Any,0.12901002506265666,31.143999999999995,72.84666666666666,64.25999999999999,43.2,12.9,33.400000000000006,38.93
24,Quinoa,General,120,4.4,21.3,1.9,2.8,53,5,172.0,64.0,17.0,0.0,0.0,0.0,0.19,0.0,0.0,Any,0.21078431372549025,11.289000000000001,71.40666666666667,64.23,48.2,19.2,46.5,44.61750000000001
25,Oats,General,153,5.3,26.3,2.7,4.0,55,2,164.0,79.0,54.0,0.0,0.0,0.0,0.27,0.0,0.0,Any,0.24178981937602628,14.465,75.65333333333334,69.09,53.6,23.700000000000003,48.80000000000001,49.03750000000001
26,Whole Wheat Bread,General,79,2.9,15.4,1.0,2.7,69,134,82.0,29.0,20.0,0.0,0.0,0.0,0.1,0.0,0.0,Any,0.1864341085271318,10.626000000000001,52.46666666666667,60.7,35.199999999999996,8.7,39.2,35.75
27,Salmon,General,206,22.0,0.0,13.0,0.0,0,59,628.0,27.0,12.0,5.0,1.0,1.5,1.3,0.0,0.0,Any,0.6195963541666667,0.0,80.76666666666667,86.3,100.0,74.6,88.4,87.905
28,Chicken Breast,General,165,31.0,0.0,3.6,0.0,0,74,354.0,29.0,11.0,0.0,0.0,0.0,0.36000000000000004,0.0,0.0,Any,0.3272093023255814,0.0,64.75999999999999,51.82,100.0,8.7,100.0,65.13
29,Lean Beef,General,250,26.0,0.0,17.0,0.0,0,54,376.0,20.0,12.0,0.0,0.0,0.0,1.7000000000000002,0.0,0.0,Any,0.19400000000000003,0.0,62.86666666666666,46.9,100.0,6.0,92.0,61.625
30,Turkey Breast,General,98,22.0,0.0,1.0,0.0,0,47,290.0,22.0,10.0,0.0,0.0,0.0,0.1,0.0,0.0,Any,0.34121621621621623,0.0,64.23333333333332,51.900000000000006,100.0,6.6,99.2,64.465
31,Eggs,General,78,6.0,0.6,5.3,0.0,0,62,63.0,10.0,28.0,5.0,1.0,0.0,0.53,0.0,0.0,Any,0.3825520833333333,0.0,45.88,49.41,72.0,32.0,69.2,55.792500000000004
32,Almonds,General,579,21.2,21.6,49.9,12.5,0,1,733.0,270.0,264.0,0.0,0.0,0.0,4.99,0.0,0.0,Any,0.28293587705352413,0.0,100.0,99.53,100.0,81.0,99.5,95.0325
33,Walnuts,General,654,15.2,13.7,65.2,6.7,0,2,441.0,150.0,98.0,0.0,2.0,2.0,6.5200000000000005,0.0,0.0,Any,0.30307765151515154,0.0,79.91999999999999,100.0,100.0,100.0,56.8,91.36
34,Peanuts,General,567,25.8,16.1,49.2,8.5,14,18,705.0,168.0,92.0,0.0,0.0,0.0,4.920000000000001,0.0,0.0,Any,0.2125337655321448,2.2540000000000004,100.0,77.53999999999999,100.0,50.4,86.9,79.36500000000001
35,Greek Yogurt,General,59,10.0,3.6,0.4,0.0,11,36,141.0,12.0,120.0,1.2,0.0,0.0,0.24,0.0,0.0,Any,0.3761467889908257,0.396,54.839999999999996,50.480000000000004,73.4,9.6,73.6,51.76
36,Cottage Cheese,General,98,11.1,2.6,4.3,0.0,10,364,104.0,7.0,120.0,1.2,0.0,0.0,2.5799999999999996,0.0,0.0,Any,0.2834459459459459,0.26,10.21333333333334,42.96000000000001,76.19999999999999,8.1,72.4,50.105000000000004
37,Lentils,General,116,9.0,20.0,0.4,7.9,32,2,369.0,36.0,18.0,0.0,0.0,0.0,0.04000000000000001,0.0,0.0,Any,0.3321285140562249,6.4,100.0,77.17999999999999,90.4,10.799999999999999,87.0,66.515
38,Chickpeas,General,269,15.0,45.0,4.2,12.2,10,24,875.0,79.0,80.0,0.0,0.0,0.0,0.42000000000000004,0.0,0.0,Any,0.3085161964472309,4.5,100.0,93.24,100.0,23.700000000000003,100.0,79.235
39,Black Beans,General,227,15.2,41.4,0.9,15.0,30,1,611.0,120.0,28.0,0.0,0.0,0.0,0.09000000000000001,0.0,0.0,Any,0.40866425992779787,12.42,100.0,100.0,100.0,36.0,100.0,84.0
40,Brown Lentils,General,352,24.0,60.0,1.1,10.7,32,3,731.0,47.0,56.0,0.0,0.0,0.0,0.11000000000000001,0.0,0.0,Any,0.2512852404643449,19.2,100.0,86.47,100.0,14.1,100.0,75.1425
41,Quinoa,General,120,4.4,21.3,1.9,2.8,53,5,172.0,64.0,17.0,0.0,0.0,0.0,0.19,0.0,0.0,Any,0.21078431372549025,11.289000000000001,71.40666666666667,64.23,48.2,19.2,46.5,44.61750000000001
42,Spinach,General,23,2.9,3.6,0.4,2.2,15,79,558.0,80.0,100.0,0.0,0.5,0.0,0.04000000000000001,0.0,0.0,Any,0.6365296803652968,0.54,87.94,64.47999999999999,65.6,26.0,69.8,56.26
43,Kale,General,49,4.3,8.8,0.9,2.0,15,23,330.0,80.0,100.0,0.0,0.5,0.0,0.09000000000000001,0.0,0.0,Any,0.4909090909090909,1.32,77.34,63.73,67.6,26.0,69.2,56.5525
44,Salmon,General,206,22.0,0.0,13.0,0.0,0,59,628.0,27.0,12.0,5.0,1.0,1.5,1.3,0.0,0.0,Any,0.6195963541666667,0.0,80.76666666666667,86.3,100.0,74.6,88.4,87.905
45,Chicken Breast,General,165,31.0,0.0,3.6,0.0,0,74,354.0,29.0,11.0,0.0,0.0,0.0,0.36000000000000004,0.0,0.0,Any,0.3272093023255814,0.0,64.75999999999999,51.82,100.0,8.7,100.0,65.13
46,Lean Beef,General,250,26.0,0.0,17.0,0.0,0,54,376.0,20.0,12.0,0.0,0.0,0.0,1.7000000000000002,0.0,0.0,Any,0.19400000000000003,0.0,62.86666666666666,46.9,100.0,6.0,92.0,61.625
47,Turkey Breast,General,98,22.0,0.0,1.0,0.0,0,47,290.0,22.0,10.0,0.0,0.0,0.0,0.1,0.0,0.0,Any,0.34121621621621623,0.0,64.23333333333332,51.900000000000006,100.0,6.6,99.2,64.465
48,Eggs,General,78,6.0,0.6,5.3,0.0,0,62,63.0,10.0,28.0,5.0,1.0,0.0,0.53,0.0,0.0,Any,0.3825520833333333,0.0,45.88,49.41,72.0,32.0,69.2,55.792500000000004
49,Almonds,General,579,21.2,21.6,49.9,12.5,0,1,733.0,270.0,264.0,0.0,0.0,0.0,4.99,0.0,0.0,Any,0.28293587705352413,0.0,100.0,99.53,100.0,81.0,99.5,95.0325
50,Walnuts,General,654,15.2,13.7,65.2,6.7,0,2,441.0,150.0,98.0,0.0,2.0,2.0,6.5200000000000005,0.0,0.0,Any,0.30307765151515154,0.0,79.91999999999999,100.0,100.0,100.0,56.8,91.36
51,Peanuts,General,567,25.8,16.1,49.2,8.5,14,18,705.0,168.0,92.0,0.0,0.0,0.0,4.920000000000001,0.0,0.0,Any,0.2125337655321448,2.2540000000000004,100.0,77.53999999999999,100.0,50.4,86.9,79.36500000000001
52,Greek Yogurt,General,59,10.0,3.6,0.4,0.0,11,36,141.0,12.0,120.0,1.2,0.0,0.0,0.24,0.0,0.0,Any,0.3761467889908257,0.396,54.839999999999996,50.480000000000004,73.4,9.6,73.6,51.76
53,Cottage Cheese,General,98,11.1,2.6,4.3,0.0,10,364,104.0,7.0,120.0,1.2,0.0,0.0,2.5799999999999996,0.0,0.0,Any,0.2834459459459459,0.26,10.21333333333334,42.96000000000001,76.19999999999999,8.1,72.4,50.105000000000004
54,Lentils,General,116,9.0,20.0,0.4,7.9,32,2,369.0,36.0,18.0,0.0,0.0,0.0,0.04000000000000001,0.0,0.0,Any,0.3321285140562249,6.4,100.0,77.17999999999999,90.4,10.799999999999999,87.0,66.515
55,Chickpeas,General,269,15.0,45.0,4.2,12.2,10,24,875.0,79.0,80.0,0.0,0.0,0.0,0.42000000000000004,0.0,0.0,Any,0.3085161964472309,4.5,100.0,93.24,100.0,23.700000000000003,100.0,79.235
56,Black Beans,General,227,15.2,41.4,0.9,15.0,30,1,611.0,120.0,28.0,0.0,0.0,0.0,0.09000000000000001,0.0,0.0,Any,0.40866425992779787,12.42,100.0,100.0,100.0,36.0,100.0,84.0
57,Brown Lentils,General,352,24.0,60.0,1.1,10.7,32,3,731.0,47.0,56.0,0.0,0.0,0.0,0.11000000000000001,0.0,0.0,Any,0.2512852404643449,19.2,100.0,86.47,100.0,14.1,100.0,75.1425
58,Quinoa,General,120,4.4,21.3,1.9,2.8,53,5,172.0,64.0,17.0,0.0,0.0,0.0,0.19,0.0,0.0,Any,0.21078431372549025,11.289000000000001,71.40666666666667,64.23,48.2,19.2,46.5,44.61750000000001
59,Spinach,General,23,2.9,3.6,0.4,2.2,15,79,558.0,80.0,100.0,0.0,0.5,0.0,0.04000000000000001,0.0,0.0,Any,0.6365296803652968,0.54,87.94,64.47999999999999,65.6,26.0,69.8,56.26
60,Kale,General,49,4.3,8.8,0.9,2.0,15,23,330.0,80.0,100.0,0.0,0.5,0.0,0.09000000000000001,0.0,0.0,Any,0.4909090909090909,1.32,77.34,63.73,67.6,26.0,69.2,56.5525
61,Avocado,General,160,2.0,9.0,15.0,7.0,15,7,480.0,29.0,12.0,0.0,0.0,0.1,1.5,0.0,0.0,Any,0.1942063492063492,1.35,100.0,71.9,83.0,11.2,73.5,60.375
62,Berries (Mixed),General,43,0.7,10.0,0.4,2.4,40,1,77.0,6.0,16.0,0.0,0.0,0.0,0.04000000000000001,0.0,0.0,Any,0.13440860215053763,4.0,64.47333333333334,57.68000000000001,47.0,1.7999999999999998,51.7,39.31
63,Oranges,General,62,1.2,15.0,0.2,3.1,40,0,237.0,10.0,52.0,0.0,0.0,0.0,0.020000000000000004,0.0,0.0,Any,0.18244047619047615,6.0,78.12,60.239999999999995,50.8,3.0,53.599999999999994,41.769999999999996
64,Apples,General,52,0.3,14.0,0.2,2.4,39,0,107.0,5.0,6.0,0.0,0.0,0.0,0.020000000000000004,0.0,0.0,Any,0.10245098039215687,5.46,66.65333333333334,57.64,46.800000000000004,1.5,50.5,38.925000000000004
65,Grapes,General,69,0.72,18.0,0.16,0.9,59,2,191.0,8.0,10.0,0.0,0.0,0.0,0.016,0.0,0.0,Any,0.06252100840336135,10.62,66.06933333333335,53.452,29.639999999999997,2.4,33.64,29.583
66,Watermelon,General,30,0.6,8.0,0.2,0.6,72,1,112.0,10.0,11.0,0.0,0.0,0.0,0.020000000000000004,0.0,0.0,Any,0.085,5.76,59.68666666666667,52.739999999999995,20.4,3.0,29.60000000000001,25.975
67,Blueberries,General,57,0.7,14.0,0.3,2.4,53,1,77.0,9.0,6.0,0.0,0.0,0.0,0.03,0.0,0.0,Any,0.11448598130841121,7.42,64.51333333333334,58.01,39.199999999999996,2.6999999999999997,43.8,35.6975
68,Strawberries,General,32,0.7,7.7,0.3,2.0,40,1,153.0,13.0,16.0,0.0,0.0,0.0,0.03,0.0,0.0,Any,0.15752032520325202,3.08,67.98,57.209999999999994,45.4,3.9000000000000004,51.19999999999999,39.137499999999996
69,Broccoli,General,55,3.7,11.2,0.6,5.1,10,33,316.0,80.0,100.0,0.0,0.5,0.0,0.06,0.0,0.0,Any,0.5498412698412698,1.12,87.92666666666668,73.11999999999999,81.80000000000001,26.0,82.30000000000001,65.78
70,Cauliflower,General,25,1.9,5.3,0.3,2.0,15,30,299.0,15.0,22.0,0.0,0.0,0.0,0.03,0.0,0.0,Any,0.21888888888888886,0.795,74.81333333333333,57.41,62.8,4.5,66.8,47.677499999999995
71,Green Beans,General,31,1.8,7.0,0.2,3.4,15,6,209.0,25.0,37.0,0.0,0.0,0.0,0.020000000000000004,0.0,0.0,Any,0.30720164609053496,1.05,76.85333333333334,62.64,68.19999999999999,7.5,71.6,52.315
72,Zucchini,General,17,1.2,3.1,0.2,1.0,15,8,247.0,18.0,16.0,0.0,0.0,0.0,0.020000000000000004,0.0,0.0,Any,0.17661691542288557,0.465,69.58666666666667,54.739999999999995,57.4,5.3999999999999995,62.2,44.69499999999999
73,Carrots,General,41,0.9,10.0,0.2,2.8,39,69,320.0,12.0,33.0,0.0,0.0,0.0,0.020000000000000004,0.0,0.0,Any,0.19157509157509153,3.9,75.55333333333333,59.54,49.599999999999994,3.5999999999999996,54.39999999999999,41.545
74,Tomatoes,General,18,0.9,3.9,0.2,1.2,15,5,237.0,11.0,10.0,0.0,0.0,0.0,0.020000000000000004,0.0,0.0,Any,0.14044117647058824,0.585,70.02,54.64,57.599999999999994,3.3,62.3,44.224999999999994
75,Cucumber,General,16,0.7,3.6,0.1,0.5,15,2,76.0,7.0,14.0,0.0,0.0,0.0,0.010000000000000002,0.0,0.0,Any,0.09419191919191917,0.54,56.82666666666667,52.17,54.4,2.1,59.3,41.7475
76,Asparagus,General,20,2.2,3.7,0.2,2.0,15,2,202.0,14.0,24.0,0.0,0.0,0.0,0.020000000000000004,0.0,0.0,Any,0.24238095238095236,0.555,71.18666666666667,57.339999999999996,63.4,4.2,67.9,47.985
77,Mushrooms,General,22,3.1,3.3,0.3,1.0,10,5,318.0,9.0,3.0,0.0,0.0,0.0,0.03,0.0,0.0,Any,0.16782407407407407,0.33,74.58,53.809999999999995,64.2,2.6999999999999997,68.0,46.987500000000004
78,Cabbage,General,25,1.3,5.8,0.1,2.2,10,18,170.0,9.0,40.0,0.0,0.0,0.0,0.010000000000000002,0.0,0.0,Any,0.2157777777777778,0.58,68.29333333333332,57.47,65.39999999999999,2.6999999999999997,68.89999999999999,48.442499999999995
79,Onions,General,40,1.1,9.3,0.1,1.7,10,4,146.0,10.0,23.0,0.0,0.0,0.0,0.010000000000000002,0.0,0.0,Any,0.14074074074074072,0.93,66.09333333333332,56.07,63.0,3.0,65.0,46.6675
80,Garlic,General,149,6.4,33.1,0.5,2.1,30,17,401.0,25.0,181.0,0.0,0.0,0.0,0.05,0.0,0.0,Any,0.22185929648241207,9.93,83.23333333333332,58.65,63.2,7.5,56.30000000000001,46.75750000000001
81,Lettuce,General,5,0.5,1.0,0.0,0.5,10,5,60.0,4.0,13.0,0.0,0.0,0.0,0.0,0.0,0.0,Any,0.0903030303030303,0.1,55.5,51.9,57.0,1.2,62.5,42.875
82,Celery,General,16,0.7,3.8,0.2,1.6,15,80,260.0,11.0,40.0,0.0,0.0,0.0,0.020000000000000004,0.0,0.0,Any,0.20429292929292928,0.57,65.65333333333334,55.839999999999996,58.8,3.3,63.7,45.165
83,Bell Peppers,General,31,1.3,6.3,0.3,1.7,15,3,175.0,10.0,10.0,0.0,0.0,0.0,0.03,0.0,0.0,Any,0.14526748971193415,0.945,68.04666666666667,56.01,60.4,3.0,63.8,45.63249999999999
84,Eggplant,General,25,1.0,6.0,0.2,3.0,15,2,229.0,14.0,9.0,5.0,1.0,0.0,0.020000000000000004,0.0,0.0,Any,0.640888888888889,0.9,76.98666666666666,60.339999999999996,65.0,33.2,69.0,56.685
85,Cauliflower Rice,General,25,1.9,5.3,0.3,2.0,15,30,299.0,15.0,22.0,0.0,0.0,0.0,0.03,0.0,0.0,Any,0.21888888888888886,0.795,74.81333333333333,57.41,62.8,4.5,66.8,47.677499999999995
86,Cabbage Soup,General,25,1.2,6.0,0.1,2.0,10,9,170.0,9.0,47.0,0.0,0.0,0.0,0.010000000000000002,0.0,0.0,Any,0.21355555555555558,0.6,68.39333333333332,56.87,64.4,2.6999999999999997,67.9,47.792500000000004
87,Mushroom Soup,General,41,3.9,6.6,0.7,1.6,10,699,352.0,17.0,7.0,0.0,0.0,0.0,0.06999999999999999,0.0,0.0,Any,0.19871794871794873,0.66,9.68666666666667,56.29,68.2,5.1000000000000005,70.10000000000001,49.8275
88,Tomato Soup,General,74,2.6,16.0,0.6,2.4,38,479,800.0,26.0,42.0,0.0,0.0,0.0,0.06,0.0,0.0,Any,0.19274193548387097,6.08,64.79333333333334,59.620000000000005,52.0,7.800000000000001,53.400000000000006,43.135
89,Chicken Soup,General,86,9.6,7.2,1.9,0.6,10,1086,262.0,13.0,37.0,0.0,0.0,0.0,0.19,0.0,0.0,Any,0.20698529411764705,0.72,0.0,52.529999999999994,75.6,3.9000000000000004,73.0,51.387499999999996
90,Vegetable Soup,General,73,2.9,16.0,0.6,3.1,10,909,511.0,18.0,43.0,0.0,0.0,0.0,0.06,0.0,0.0,Any,0.20271002710027097,1.6,5.326666666666663,60.919999999999995,72.2,5.3999999999999995,70.9,52.42
91,Split Pea Soup,General,116,8.2,21.7,0.6,8.3,38,704,478.0,36.0,22.0,0.0,0.0,0.0,0.06,0.0,0.0,Any,0.3329317269076305,8.246,44.426666666666655,78.32,86.80000000000001,10.799999999999999,84.0,65.12
92,Fish Tacos,General,206,21.4,17.9,6.4,2.5,35,388,511.0,39.0,108.0,0.0,0.0,0.0,0.6400000000000001,0.0,0.0,Any,0.28001302083333335,6.265,52.70666666666666,59.48,91.8,11.700000000000001,79.69999999999999,61.275
93,Turkey Chili,General,185,16.9,23.6,2.7,5.4,55,766,732.0,51.0,57.0,0.0,0.0,0.0,0.27,0.0,0.0,Any,0.298936170212766,12.98,42.72,70.49,82.4,15.3,74.4,61.04750000000001
94,Veggie Burger,General,124,10.1,10.9,4.5,5.6,15,312,406.0,35.0,40.0,5.0,1.0,0.0,0.45,0.0,0.0,Any,0.478639846743295,1.635,66.46666666666667,68.95,93.60000000000001,39.5,87.69999999999999,72.73249999999999
95,Chicken Salad,General,196,29.7,5.9,6.7,1.7,10,384,282.0,23.0,36.0,0.0,0.0,0.0,0.67,0.0,0.0,Any,0.30250677506775064,0.59,34.519999999999996,55.39,100.0,6.9,100.0,65.5725
96,Tuna Salad,General,179,22.2,0.7,9.9,0.1,10,387,207.0,22.0,15.0,5.0,1.0,1.5,0.9900000000000001,0.0,0.0,Any,0.6917030567685589,0.07,21.54,87.03,98.79999999999998,73.1,86.9,87.05249999999998
97,Greek Salad,General,193,5.9,5.2,18.2,2.0,15,469,152.0,17.0,152.0,0.0,0.0,0.0,1.82,0.0,0.0,Any,0.15603566529492455,0.78,13.953333333333335,52.24,70.8,5.1000000000000005,58.0,47.175
98,Caprese Salad,Meal/Vegetable,157,7.9,4.6,12.4,1.1,15,255,213.0,22.0,236.0,0.0,0.0,0.0,1.2400000000000002,5.0,40.0,Lunch,0.23462157809983894,0.69,38.13999999999999,39.28,71.2,6.6,62.0,45.23
99,Caesar Salad,General,184,7.8,4.1,16.2,1.3,15,413,207.0,17.0,195.0,0.0,0.0,0.0,1.62,0.0,0.0,Any,0.1866809116809117,0.6149999999999999,21.220000000000002,50.74,71.80000000000001,5.1000000000000005,59.900000000000006,47.480000000000004
100,Grilled Chicken,General,165,31.0,0.0,3.6,0.0,0,75,393.0,26.0,13.0,0.0,0.0,0.0,0.36000000000000004,0.0,0.0,Any,0.3246511627906977,0.0,67.26,51.52,100.0,7.800000000000001,100.0,64.83
101,Salmon,General,206,22.2,0.0,13.4,0.0,0,63,380.0,32.0,14.0,5.0,1.0,1.5,1.34,0.0,0.0,Any,0.6268229166666667,0.0,63.67333333333333,86.68,100.0,76.1,88.79999999999998,88.45499999999998
102,Shrimp Stir-Fry,General,140,25.0,5.3,1.7,1.0,15,230,401.0,34.0,53.0,0.0,0.0,0.0,0.17,0.0,0.0,Any,0.3533333333333334,0.795,57.053333333333335,55.89,100.0,10.200000000000001,97.5,66.0225
103,Roasted Turkey,General,135,29.0,0.0,1.0,0.0,0,59,334.0,25.0,13.0,0.0,0.0,0.0,0.1,0.0,0.0,Any,0.3543243243243243,0.0,65.96666666666665,52.2,100.0,7.5,100.0,64.925
104,Grilled Salmon,General,206,22.2,0.0,13.4,0.0,0,63,380.0,32.0,14.0,5.0,1.0,1.5,1.34,0.0,0.0,Any,0.6268229166666667,0.0,63.67333333333333,86.68,100.0,76.1,88.79999999999998,88.45499999999998
105,Baked Chicken,General,165,31.0,0.0,3.6,0.0,0,75,393.0,26.0,13.0,0.0,0.0,0.0,0.36000000000000004,0.0,0.0,Any,0.3246511627906977,0.0,67.26,51.52,100.0,7.800000000000001,100.0,64.83
106,Steamed Vegetables,General,62,2.5,11.7,0.6,4.1,15,28,452.0,19.0,54.0,0.0,0.0,0.0,0.06,0.0,0.0,Any,0.25729166666666664,1.755,93.49333333333334,64.02,72.4,5.7,72.69999999999999,53.690000000000005
107,Quinoa Salad,General,118,4.2,20.4,2.5,2.6,53,9,152.0,64.0,19.0,0.0,0.0,0.0,0.25,0.0,0.0,Any,0.20813492063492064,10.811999999999998,68.63333333333333,63.45,47.0,19.2,45.5,43.862500000000004
108,Cottage Cheese,General,98,11.1,3.4,4.3,0.0,10,364,92.0,9.0,120.0,1.2,0.0,0.0,2.5799999999999996,0.0,0.0,Any,0.2868243243243243,0.34,9.413333333333336,43.16,76.19999999999999,8.7,72.4,50.305
109,Greek Yogurt,General,59,10.0,3.6,0.4,0.0,11,39,141.0,10.0,120.0,1.2,0.0,0.0,0.24,0.0,0.0,Any,0.37155963302752293,0.396,54.54,50.28,73.4,9.0,73.6,51.56
110,Almonds,General,579,21.2,21.6,49.9,12.5,0,1,705.0,270.0,264.0,0.0,0.0,0.0,4.99,0.0,0.0,Any,0.28293587705352413,0.0,100.0,99.53,100.0,81.0,99.5,95.0325
111,Walnuts,General,654,15.2,13.7,65.2,6.7,0,2,441.0,150.0,98.0,0.0,2.0,2.0,6.5200000000000005,0.0,0.0,Any,0.30307765151515154,0.0,79.91999999999999,100.0,100.0,100.0,56.8,91.36
112,Peanuts,General,567,25.8,16.1,49.2,8.5,13,18,705.0,168.0,92.0,0.0,0.0,0.0,4.920000000000001,0.0,0.0,Any,0.2125337655321448,2.093,100.0,77.53999999999999,100.0,50.4,87.4,79.465
113,Chia Seeds,General,486,16.5,42.1,30.7,34.4,1,16,407.0,150.0,631.0,0.0,2.0,2.0,3.0700000000000003,0.0,0.0,Any,0.6746268656716419,0.42100000000000004,100.0,100.0,100.0,100.0,100.0,100.0
114,Flaxseeds,General,534,18.3,28.9,42.2,27.3,1,30,813.0,150.0,255.0,0.0,2.0,2.0,4.220000000000001,0.0,0.0,Any,0.5204337899543379,0.289,100.0,100.0,100.0,100.0,100.0,100.0
115,Oats,General,389,16.9,66.3,6.9,10.6,55,2,429.0,177.0,54.0,0.0,0.0,0.0,0.6900000000000001,0.0,0.0,Any,0.2705770690964313,36.465,100.0,97.43,100.0,53.1,74.80000000000001,82.5925
116,Brown Rice,General,370,7.9,77.5,2.9,3.5,50,7,143.0,143.0,14.0,0.0,0.0,0.0,0.29,0.0,0.0,Any,0.15384920634920635,38.75,71.67333333333333,73.92999999999999,59.8,42.9,32.8,53.707499999999996
117,Quinoa,General,368,14.1,64.2,6.0,5.9,53,7,563.0,197.0,31.0,0.0,0.0,0.0,0.6000000000000001,0.0,0.0,Any,0.23975279106858055,34.026,100.0,85.60000000000001,80.0,59.1,53.5,70.875
118,Lentils,General,116,9.0,20.0,0.4,7.9,29,2,369.0,36.0,18.0,0.0,0.0,0.0,0.04000000000000001,0.0,0.0,Any,0.3321285140562249,5.8,100.0,77.17999999999999,92.2,10.799999999999999,88.5,67.355
119,Kidney Beans,General,127,8.7,22.8,0.5,6.4,24,1,403.0,28.0,35.0,0.0,0.0,0.0,0.05,0.0,0.0,Any,0.27815442561205267,5.472,100.0,71.85,88.6,8.4,83.29999999999998,63.302499999999995
120,Chickpeas,General,164,8.9,27.0,2.6,7.6,28,24,291.0,48.0,49.0,0.0,0.0,0.0,0.26,0.0,0.0,Any,0.28052959501557634,7.56,96.36,76.82,91.39999999999999,14.399999999999999,82.80000000000001,66.785
121,Green Peas,General,81,5.0,14.5,0.4,4.1,48,2,160.0,24.0,25.0,0.0,0.0,0.0,0.04000000000000001,0.0,0.0,Any,0.24554707379134857,6.96,76.70666666666668,64.58,57.599999999999994,7.199999999999999,59.30000000000001,47.084999999999994
122,Broccoli,General,55,4.4,11.2,0.6,3.3,10,33,316.0,80.0,100.0,0.0,0.5,0.0,0.06,0.0,0.0,Any,0.506031746031746,1.12,80.72666666666667,67.72,76.0,26.0,76.5,61.53
123,Spinach,General,23,2.9,3.6,0.4,2.2,0,79,558.0,80.0,100.0,0.0,0.5,0.0,0.04000000000000001,0.0,0.0,Any,0.6365296803652968,0.0,87.94,64.47999999999999,74.6,26.0,77.3,60.46
124,Kale,General,49,4.3,8.8,0.6,3.6,0,38,491.0,80.0,100.0,0.0,0.5,0.0,0.06,0.0,0.0,Any,0.5447811447811447,0.0,93.09333333333335,68.61999999999999,83.0,26.0,83.1,65.175
125,Asparagus,General,20,2.2,3.7,0.2,2.1,15,2,202.0,14.0,24.0,0.0,0.0,0.0,0.020000000000000004,0.0,0.0,Any,0.24714285714285716,0.555,71.58666666666666,57.63999999999999,63.8,4.2,68.30000000000001,48.26
126,Zucchini,General,17,1.2,3.1,0.3,1.1,15,8,295.0,18.0,16.0,0.0,0.0,0.0,0.03,0.0,0.0,Any,0.181592039800995,0.465,73.14666666666666,55.00999999999999,57.8,5.3999999999999995,62.60000000000001,44.9625
127,Cauliflower,General,25,1.9,5.3,0.3,2.0,15,30,299.0,15.0,22.0,0.0,0.0,0.0,0.03,0.0,0.0,Any,0.21888888888888886,0.795,74.81333333333333,57.41,62.8,4.5,66.8,47.677499999999995
128,Artichokes,General,47,3.3,10.5,0.2,5.4,15,94,343.0,60.0,21.0,0.0,0.0,0.0,0.020000000000000004,0.0,0.0,Any,0.4298969072164949,1.575,84.98666666666666,72.14,79.19999999999999,18.0,81.0,62.49499999999999
129,Berries (mixed),General,43,0.9,9.6,0.4,2.3,40,1,77.0,6.0,16.0,0.0,0.0,0.0,0.04000000000000001,0.0,0.0,Any,0.13512544802867382,3.84,64.07333333333335,57.38,47.0,1.7999999999999998,51.7,39.235
130,Apple,Fruit,52,0.3,14.0,0.2,2.4,39,1,107.0,5.0,6.0,0.0,0.0,0.0,0.020000000000000004,19.0,0.0,Snack,0.10245098039215687,5.46,66.55333333333334,10.140000000000002,46.800000000000004,1.5,50.5,27.050000000000004
131,Orange,Fruit,62,1.2,15.4,0.2,3.1,40,0,237.0,14.0,52.0,0.0,0.0,0.0,0.020000000000000004,12.0,0.0,Snack,0.19136904761904763,6.16,78.12,30.639999999999997,50.8,4.2,53.599999999999994,34.67
132,Grapes,General,69,0.7,18.0,0.2,0.9,53,2,191.0,7.0,13.0,0.0,0.0,0.0,0.020000000000000004,0.0,0.0,Any,0.06260504201680672,9.54,66.05333333333334,53.34,33.199999999999996,2.1,36.6,31.14
133,Watermelon,General,30,0.6,7.6,0.2,0.6,76,1,112.0,10.0,11.0,0.0,0.0,0.0,0.020000000000000004,0.0,0.0,Any,0.085,5.776,59.68666666666667,52.739999999999995,17.999999999999996,3.0,27.60000000000001,24.855
134,Pineapple,General,50,0.5,13.1,0.1,1.4,66,1,109.0,12.0,13.0,0.0,0.0,0.0,0.010000000000000002,0.0,0.0,Any,0.09966666666666667,8.646,62.72666666666667,55.370000000000005,27.0,3.5999999999999996,33.599999999999994,29.5625
135,Strawberries,General,32,0.7,7.7,0.3,2.0,40,1,153.0,13.0,16.0,0.0,0.0,0.0,0.03,0.0,0.0,Any,0.15752032520325202,3.08,67.98,57.209999999999994,45.4,3.9000000000000004,51.19999999999999,39.137499999999996
136,Blueberries,General,57,0.7,14.5,0.3,2.4,53,1,77.0,6.0,6.0,0.0,0.0,0.0,0.03,0.0,0.0,Any,0.10747663551401869,7.685,64.51333333333334,57.71,39.199999999999996,1.7999999999999998,43.8,35.397499999999994
137,Avocado,General,160,2.0,8.5,14.7,6.7,10,7,480.0,29.0,12.0,0.0,0.0,0.1,1.47,0.0,0.0,Any,0.18944444444444444,0.85,100.0,71.09,84.8,11.2,74.8,60.972500000000004
138,Cucumber,General,16,0.6,3.6,0.2,0.5,15,2,76.0,7.0,16.0,0.0,0.0,0.0,0.020000000000000004,0.0,0.0,Any,0.09419191919191919,0.54,56.78666666666667,52.14,54.2,2.1,59.099999999999994,41.64
139,Carrots,General,41,0.9,9.6,0.2,2.8,71,69,320.0,12.0,33.0,0.0,0.0,0.0,0.020000000000000004,0.0,0.0,Any,0.19157509157509153,6.816,75.55333333333333,59.54,30.4,3.5999999999999996,38.39999999999999,32.585
140,Sweet Potato,General,90,2.0,21.0,0.2,3.3,70,41,337.0,27.0,30.0,0.0,0.0,0.0,0.020000000000000004,0.0,0.0,Any,0.1767857142857143,14.7,81.48666666666668,62.54,35.2,8.100000000000001,38.2,35.86
141,Quinoa Salad,General,118,4.2,20.4,2.5,2.6,53,9,152.0,64.0,19.0,0.0,0.0,0.0,0.25,0.0,0.0,Any,0.20813492063492064,10.811999999999998,68.63333333333333,63.45,47.0,19.2,45.5,43.862500000000004
142,Eggplant,General,25,1.0,6.0,0.2,2.5,15,2,229.0,14.0,9.0,5.0,1.0,0.0,0.020000000000000004,0.0,0.0,Any,0.6186666666666667,0.9,74.98666666666666,58.839999999999996,63.0,33.2,67.0,55.309999999999995
143,Cabbage,General,25,1.0,6.0,0.1,2.2,10,9,170.0,12.0,40.0,0.0,0.0,0.0,0.010000000000000002,0.0,0.0,Any,0.21777777777777776,0.6,69.19333333333331,57.77,64.8,3.5999999999999996,68.3,48.442499999999995
144,Radish,General,16,0.7,3.4,0.1,1.6,15,2,202.0,10.0,25.0,0.0,0.0,0.0,0.010000000000000002,0.0,0.0,Any,0.17777777777777776,0.51,69.62666666666665,55.769999999999996,58.8,3.0,63.7,45.0725
145,Mushrooms,General,22,3.1,3.3,0.3,1.0,10,5,318.0,9.0,2.0,0.0,0.0,0.0,0.03,0.0,0.0,Any,0.16643518518518519,0.33,74.58,53.809999999999995,64.2,2.6999999999999997,68.0,46.987500000000004
146,Tomatoes,General,18,0.9,3.9,0.2,1.2,15,5,237.0,11.0,12.0,0.0,0.0,0.0,0.020000000000000004,0.0,0.0,Any,0.14338235294117646,0.585,70.02,54.64,57.599999999999994,3.3,62.3,44.224999999999994
147,Celery,General,6,0.3,1.2,0.1,0.6,15,35,104.0,6.0,41.0,0.0,0.0,0.0,0.010000000000000002,0.0,0.0,Any,0.14642857142857144,0.18,55.79333333333333,52.37,54.0,1.7999999999999998,59.900000000000006,41.722500000000004
148,Lettuce,General,5,0.5,0.9,0.1,0.5,10,5,141.0,6.0,18.0,0.0,0.0,0.0,0.010000000000000002,0.0,0.0,Any,0.10848484848484848,0.09,60.86,52.07,57.0,1.7999999999999998,62.5,43.067499999999995
149,Onions,General,40,1.1,9.0,0.1,1.7,10,3,146.0,10.0,23.0,0.0,0.0,0.0,0.010000000000000002,0.0,0.0,Any,0.14074074074074072,0.9,66.19333333333333,56.07,63.0,3.0,65.0,46.6675
150,Garlic,General,149,6.4,33.1,0.5,2.1,30,17,401.0,25.0,181.0,0.0,0.0,0.0,0.05,0.0,0.0,Any,0.22185929648241207,9.93,83.23333333333332,58.65,63.2,7.5,56.30000000000001,46.75750000000001
151,Ginger,General,80,1.8,17.8,0.8,1.1,15,13,415.0,43.0,16.0,0.0,0.0,0.0,0.08000000000000002,0.0,0.0,Any,0.1508974358974359,2.67,80.44666666666667,57.35999999999999,59.0,12.9,57.5,46.765
152,Cauliflower Rice,General,25,1.9,5.3,0.3,2.0,15,30,299.0,15.0,22.0,0.0,0.0,0.0,0.03,0.0,0.0,Any,0.21888888888888886,0.795,74.81333333333333,57.41,62.8,4.5,66.8,47.677499999999995
153,Coconut Milk,General,552,5.5,6.6,57.2,0.5,41,15,263.0,26.0,120.0,1.2,0.0,0.0,34.32,0.0,0.0,Any,0.061738648947951266,2.7059999999999995,0.0,0.0,48.4,13.8,2.299999999999997,18.43
154,Almond Milk,General,39,1.0,1.5,3.0,0.6,25,186,170.0,9.0,120.0,1.2,0.0,0.0,1.7999999999999998,0.0,0.0,Any,0.27247191011235955,0.375,37.93333333333334,47.3,49.4,8.7,53.0,39.42
155,Soy Milk,General,54,3.3,3.9,2.7,0.4,25,43,118.0,31.0,120.0,1.2,0.0,0.0,1.62,0.0,0.0,Any,0.3238782051282051,0.975,48.68666666666667,49.440000000000005,53.2,15.3,55.3,43.205000000000005
156,Greek Yogurt,General,59,10.0,3.6,0.4,0.0,11,38,141.0,7.0,120.0,1.2,0.0,0.0,0.24,0.0,0.0,Any,0.3646788990825688,0.396,54.64,49.980000000000004,73.4,8.1,73.6,51.26
157,Chia Seeds,General,138,4.7,12.3,8.8,10.6,1,16,160.0,150.0,631.0,0.0,2.0,2.0,0.8800000000000001,0.0,0.0,Any,1.3758865248226952,0.12300000000000001,97.94666666666669,100.0,100.0,100.0,100.0,100.0
158,Flaxseeds,General,534,18.3,28.9,42.2,27.3,50,30,813.0,150.0,255.0,0.0,2.0,2.0,4.220000000000001,0.0,0.0,Any,0.5204337899543379,14.45,100.0,100.0,100.0,100.0,100.0,100.0
159,Oats,General,389,17.0,66.0,6.9,10.6,55,2,429.0,177.0,54.0,0.0,0.0,0.0,0.6900000000000001,0.0,0.0,Any,0.2710326499620349,36.3,100.0,97.43,100.0,53.1,75.0,82.6325
160,Brown Rice,General,216,4.5,45.8,1.6,3.5,50,2,86.0,43.0,10.0,0.0,0.0,0.0,0.16000000000000003,0.0,0.0,Any,0.12186716791979949,22.9,68.89333333333333,64.32,53.0,12.9,41.400000000000006,43.485
161,Quinoa,General,120,4.4,21.3,1.9,2.8,53,5,172.0,64.0,17.0,0.0,0.0,0.0,0.19,0.0,0.0,Any,0.21078431372549025,11.289000000000001,71.40666666666667,64.23,48.2,19.2,46.5,44.61750000000001
162,Lentils,General,353,24.6,63.4,1.1,10.7,32,2,955.0,36.0,37.0,0.0,0.0,0.0,0.11000000000000001,0.0,0.0,Any,0.24210090984284532,20.288,100.0,85.36999999999999,100.0,10.799999999999999,100.0,74.0425
163,Black Beans,General,341,21.6,62.4,1.2,16.6,30,2,1200.0,120.0,211.0,0.0,0.0,0.0,0.12,0.0,0.0,Any,0.38269394714407506,18.72,100.0,100.0,100.0,36.0,100.0,84.0
164,Chickpeas,General,364,19.0,61.6,6.04,17.4,28,24,875.0,79.0,45.0,0.0,0.0,0.0,0.6040000000000001,0.0,0.0,Any,0.2904589371980676,17.248,100.0,100.0,100.0,23.700000000000003,100.0,80.925
165,Salmon,General,206,22.0,0.0,13.0,0.0,0,47,628.0,32.0,13.0,5.0,1.0,1.5,1.3,0.0,0.0,Any,0.6248697916666667,0.0,81.96666666666667,86.8,100.0,76.1,88.4,88.405
166,Tuna,General,116,26.0,0.0,1.0,0.0,0,35,333.0,22.0,4.0,5.0,1.0,1.5,0.1,0.0,0.0,Any,0.9913654618473895,0.0,68.3,89.4,100.0,73.1,100.0,90.625
167,Chicken Breast,General,165,31.0,0.0,3.6,0.0,0,74,334.0,29.0,11.0,0.0,0.0,0.0,0.36000000000000004,0.0,0.0,Any,0.3272093023255814,0.0,63.42666666666666,51.82,100.0,8.7,100.0,65.13
168,Turkey Breast,General,161,30.6,0.0,3.2,0.0,0,66,318.0,26.0,15.0,0.0,0.0,0.0,0.32000000000000006,0.0,0.0,Any,0.32796208530805687,0.0,63.32000000000001,51.64,100.0,7.800000000000001,100.0,64.86
169,Lean Beef,General,250,26.0,0.0,17.0,0.0,0,54,380.0,21.0,10.0,0.0,0.0,0.0,1.7000000000000002,0.0,0.0,Any,0.19416666666666665,0.0,63.133333333333326,47.0,100.0,6.3,92.0,61.72500000000001
170,Egg Whites,General,52,11.0,0.7,0.2,0.0,0,166,147.0,6.0,28.0,5.0,1.0,0.0,0.020000000000000004,0.0,0.0,Any,0.5683006535947712,0.0,43.120000000000005,50.54,82.0,30.8,81.8,61.294999999999995
171,Almonds,General,579,21.2,21.7,49.9,12.5,0,1,705.0,268.0,269.0,0.0,0.0,0.0,4.99,0.0,0.0,Any,0.2829358770535242,0.0,100.0,99.33,100.0,80.4,99.5,94.83250000000001
172,Walnuts,General,654,15.2,13.7,65.2,6.7,15,2,441.0,150.0,98.0,0.0,2.0,2.0,6.5200000000000005,0.0,0.0,Any,0.30307765151515154,2.055,79.91999999999999,100.0,100.0,100.0,49.3,89.86
173,Peanuts,General,567,25.8,16.1,49.2,8.5,13,18,705.0,168.0,92.0,0.0,0.0,0.0,4.920000000000001,0.0,0.0,Any,0.2125337655321448,2.093,100.0,77.53999999999999,100.0,50.4,87.4,79.465
174,Cashews,General,553,18.2,30.2,43.9,3.3,27,12,660.0,292.0,37.0,0.0,0.0,0.0,4.39,0.0,0.0,Any,0.205804311774461,8.154,88.44,75.92999999999999,93.4,87.6,45.8,78.0625
175,Olive Oil,General,884,0.0,0.0,100.0,0.0,0,2,1.0,1.0,1.0,0.0,0.0,0.0,10.0,0.0,0.0,Any,0.0003747323340471092,0.0,9.866666666666667,20.1,60.0,0.3,0.0,23.1
176,Coconut Oil,General,862,0.0,0.0,100.0,0.0,0,0,0.0,0.0,0.0,0.0,0.0,0.0,10.0,0.0,0.0,Any,0.0,0.0,10.0,20.0,60.0,0.0,0.0,23.0
177,Avocado,General,160,2.0,8.5,14.7,6.7,0,7,480.0,29.0,12.0,0.0,0.0,0.1,1.47,0.0,0.0,Any,0.18944444444444444,0.0,100.0,71.09,90.8,11.2,79.8,63.7725
178,Blueberries,General,57,0.7,14.0,0.3,2.4,53,1,77.0,9.0,6.0,0.0,0.0,0.0,0.03,0.0,0.0,Any,0.11448598130841121,7.42,64.51333333333334,58.01,39.199999999999996,2.6999999999999997,43.8,35.6975
179,Strawberries,General,29,0.7,7.0,0.3,2.0,40,1,153.0,13.0,16.0,0.0,0.0,0.0,0.03,0.0,0.0,Any,0.16350210970464132,2.8,67.98,57.209999999999994,45.4,3.9000000000000004,51.5,39.1975
180,Raspberries,General,52,1.2,12.0,0.7,6.5,32,1,151.0,27.0,25.0,0.0,0.0,0.0,0.06999999999999999,0.0,0.0,Any,0.3266339869281046,3.84,85.68666666666667,71.99000000000001,69.2,8.100000000000001,72.19999999999999,55.222500000000004
181,Apples,General,52,0.3,14.0,0.2,2.4,39,0,107.0,9.0,6.0,0.0,0.0,0.0,0.020000000000000004,0.0,0.0,Any,0.11225490196078432,5.46,66.65333333333334,58.04,46.800000000000004,2.6999999999999997,50.5,39.325
182,Oranges,General,43,0.9,9.0,0.1,2.3,40,0,181.0,10.0,40.0,0.0,0.0,0.0,0.010000000000000002,0.0,0.0,Any,0.1716845878136201,3.6,71.22666666666666,57.87,47.0,3.0,51.7,39.6575
183,Grapes,General,69,0.7,18.0,0.2,0.9,59,2,191.0,6.0,11.0,0.0,0.0,0.0,0.020000000000000004,0.0,0.0,Any,0.0588235294117647,10.62,66.05333333333334,53.24,29.599999999999994,1.7999999999999998,33.6,29.36
184,Watermelon,General,30,0.6,8.0,0.2,0.6,72,1,112.0,10.0,8.0,0.0,0.0,0.0,0.020000000000000004,0.0,0.0,Any,0.08125,5.76,59.68666666666667,52.739999999999995,20.4,3.0,29.60000000000001,25.975
185,Pineapple,General,50,0.5,13.0,0.1,1.4,66,1,109.0,12.0,13.0,0.0,0.0,0.0,0.010000000000000002,0.0,0.0,Any,0.09966666666666667,8.58,62.72666666666667,55.370000000000005,27.0,3.5999999999999996,33.599999999999994,29.5625
186,Kiwi,General,61,1.1,15.0,0.5,3.0,53,2,312.0,17.0,34.0,0.0,0.0,0.0,0.05,0.0,0.0,Any,0.17882882882882883,7.95,82.39999999999999,60.550000000000004,42.400000000000006,5.1000000000000005,46.599999999999994,38.4525
187,Cottage Cheese,General,98,11.1,2.6,4.3,0.0,10,364,104.0,10.0,120.0,1.2,0.0,0.0,2.5799999999999996,0.0,0.0,Any,0.2885135135135135,0.26,10.21333333333334,43.260000000000005,76.19999999999999,9.0,72.4,50.405
188,Greek Salad,General,223,7.6,10.2,17.2,2.2,14,349,346.0,29.0,118.0,0.0,0.0,0.0,1.72,0.0,0.0,Any,0.15231990231990233,1.428,40.08666666666666,54.34,75.60000000000001,8.7,59.7,50.38000000000001
189,Quinoa Salad,General,218,7.7,35.2,6.4,4.1,53,192,318.0,64.0,45.0,0.0,0.0,0.0,0.6400000000000001,0.0,0.0,Any,0.1849502487562189,18.656000000000002,65.84,66.78,59.99999999999999,19.2,48.5,49.195
190,Lentil Soup,General,116,7.9,21.1,0.6,7.8,44,545,368.0,36.0,24.0,0.0,0.0,0.0,0.06,0.0,0.0,Any,0.3204819277108434,9.284,50.99333333333333,76.82,80.60000000000001,10.799999999999999,78.4,61.765
191,Chicken Salad,General,196,22.4,1.1,12.0,0.4,0,230,250.0,20.0,22.0,0.0,0.0,0.0,1.2000000000000002,0.0,0.0,Any,0.21680216802168023,0.0,40.46666666666667,49.6,100.0,6.0,91.79999999999998,62.25999999999999
192,Fish Tacos,General,238,13.3,19.7,11.4,2.4,70,243,311.0,35.0,59.0,0.0,0.0,0.0,1.1400000000000001,0.0,0.0,Any,0.17100694444444445,13.79,51.47333333333334,57.28,54.2,10.5,42.400000000000006,41.685
193,Zucchini Noodles,General,33,2.4,6.6,0.3,1.2,15,8,358.0,37.0,16.0,0.0,0.0,0.0,0.03,0.0,0.0,Any,0.23674698795180726,0.99,77.74666666666666,57.21,60.599999999999994,11.1,63.8,48.01749999999999
194,Eggplant Parmesan,General,180,6.0,10.0,14.0,5.0,50,375,204.0,22.0,92.0,5.0,1.0,0.0,1.4000000000000001,0.0,0.0,Any,0.326231884057971,5.0,40.49999999999999,63.0,62.0,35.6,54.0,54.05
195,Spinach Salad,General,23,2.9,3.6,0.4,2.2,0,79,167.0,80.0,100.0,0.0,0.5,0.0,0.04000000000000001,0.0,0.0,Any,0.6365296803652968,0.0,61.87333333333334,64.47999999999999,74.6,26.0,77.3,60.46
196,Stir-Fried Tofu,General,144,13.7,6.1,8.6,1.5,15,10,206.0,52.0,204.0,0.0,0.0,0.0,0.86,0.0,0.0,Any,0.3391752577319587,0.915,65.29333333333334,57.120000000000005,84.4,15.600000000000001,76.5,58.8
197,Steamed Broccoli,General,55,3.7,11.2,0.6,3.3,15,33,457.0,80.0,100.0,0.0,0.5,0.0,0.06,0.0,0.0,Any,0.4926984126984127,1.68,90.12666666666668,67.72,71.60000000000001,26.0,72.60000000000001,59.43
198,Cottage Cheese,General,98,11.1,2.6,4.3,0.0,10,364,104.0,7.0,120.0,1.2,0.0,0.0,2.5799999999999996,0.0,0.0,Any,0.2834459459459459,0.26,10.21333333333334,42.96000000000001,76.19999999999999,8.1,72.4,50.105000000000004
199,Mozzarella Cheese,General,280,24.0,2.2,20.0,0.0,0,627,58.0,22.0,120.0,1.2,0.0,0.0,12.0,0.0,0.0,Any,0.2166666666666667,0.0,0.0,16.200000000000003,100.0,12.6,85.0,54.2
200,Eggplant,General,25,1.0,6.0,0.0,3.0,15,2,229.0,14.0,9.0,5.0,1.0,0.0,0.0,0.0,0.0,Any,0.640888888888889,0.9,77.06666666666666,60.4,65.0,33.2,69.0,56.7
201,Zucchini,General,17,1.2,3.1,0.3,1.0,15,2,280.0,18.0,16.0,0.0,0.0,0.0,0.03,0.0,0.0,Any,0.17661691542288557,0.465,72.34666666666666,54.709999999999994,57.4,5.3999999999999995,62.2,44.6875
202,Bell Peppers,General,31,0.9,6.3,0.3,2.5,15,1,175.0,9.0,10.0,0.0,0.0,0.0,0.03,0.0,0.0,Any,0.16522633744855966,0.945,71.44666666666667,58.309999999999995,62.8,2.6999999999999997,66.19999999999999,47.332499999999996
203,Broccoli,General,55,4.4,11.2,0.6,3.3,15,33,316.0,80.0,100.0,0.0,0.5,0.0,0.06,0.0,0.0,Any,0.506031746031746,1.68,80.72666666666667,67.72,73.0,26.0,74.0,60.129999999999995
204,Spinach,General,23,2.9,3.6,0.4,2.2,15,79,167.0,80.0,100.0,0.0,0.5,0.0,0.04000000000000001,0.0,0.0,Any,0.6365296803652968,0.54,61.87333333333334,64.47999999999999,65.6,26.0,69.8,56.26
205,Kale,General,49,4.3,9.0,0.9,3.6,15,38,330.0,80.0,100.0,0.0,0.5,0.0,0.09000000000000001,0.0,0.0,Any,0.5447811447811447,1.35,82.24000000000001,68.53,74.0,26.0,75.6,60.95249999999999
206,Cauliflower,General,25,2.0,5.3,0.3,2.0,15,30,320.0,15.0,22.0,0.0,0.0,0.0,0.03,0.0,0.0,Any,0.22155555555555556,0.795,76.21333333333332,57.41,63.0,4.5,67.0,47.777499999999996
207,Asparagus,General,20,2.2,3.7,0.2,2.2,15,2,202.0,14.0,24.0,0.0,0.0,0.0,0.020000000000000004,0.0,0.0,Any,0.2519047619047619,0.555,71.98666666666666,57.94,64.2,4.2,68.7,48.535000000000004
208,Brussels Sprouts,General,43,3.4,9.0,0.3,3.8,15,25,342.0,17.0,36.0,0.0,0.0,0.0,0.03,0.0,0.0,Any,0.29372759856630826,1.35,85.38,63.01,73.0,5.1000000000000005,75.2,53.967499999999994
209,Cabbage,General,25,1.3,6.0,0.1,2.5,15,18,170.0,10.0,34.0,0.0,0.0,0.0,0.010000000000000002,0.0,0.0,Any,0.22444444444444442,0.9,69.49333333333333,58.47,63.6,3.0,67.6,47.9675
210,Celery,General,6,0.3,1.2,0.1,1.6,15,35,260.0,11.0,40.0,0.0,0.0,0.0,0.010000000000000002,0.0,0.0,Any,0.2264880952380952,0.18,70.19333333333333,55.87,58.0,3.3,63.900000000000006,44.9725
211,Lettuce,General,5,0.5,1.2,0.1,0.5,15,5,194.0,7.0,36.0,0.0,0.0,0.0,0.010000000000000002,0.0,0.0,Any,0.14575757575757575,0.18,64.39333333333333,52.17,54.0,2.1,60.0,41.7675
212,Quinoa,General,120,4.4,21.3,1.9,2.8,53,7,172.0,64.0,17.0,0.0,0.0,0.0,0.19,0.0,0.0,Any,0.21078431372549025,11.289000000000001,71.20666666666666,64.23,48.2,19.2,46.5,44.61750000000001
213,Brown Rice,General,216,4.5,44.8,1.8,3.5,50,5,43.0,48.0,20.0,0.0,0.0,0.0,0.18000000000000002,0.0,0.0,Any,0.13032581453634087,22.4,65.64666666666666,64.75999999999999,53.0,14.399999999999999,41.400000000000006,43.97
214,Oats,General,389,16.9,66.3,6.9,10.6,55,2,429.0,138.0,54.0,0.0,0.0,0.0,0.6900000000000001,0.0,0.0,Any,0.2483675018982536,36.465,100.0,93.53,100.0,41.4,74.80000000000001,78.69250000000001
215,Whole Wheat Bread,General,247,10.0,49.0,2.5,6.3,69,422,154.0,61.0,84.0,0.0,0.0,0.0,0.25,0.0,0.0,Any,0.21767676767676764,33.81,42.26666666666667,74.25,63.8,18.3,51.0,52.4775
216,Barley,General,354,12.5,73.5,2.3,17.3,28,8,452.0,158.0,33.0,0.0,0.0,0.0,0.22999999999999998,0.0,0.0,Any,0.3105610561056105,20.58,100.0,100.0,100.0,47.400000000000006,100.0,86.85
217,Lentils,General,230,17.9,39.9,0.8,15.6,32,2,731.0,36.0,19.0,0.0,0.0,0.0,0.08000000000000002,0.0,0.0,Any,0.35250000000000004,12.767999999999999,100.0,100.0,100.0,10.799999999999999,100.0,77.7
218,Chickpeas,General,364,19.0,61.5,6.0,17.4,42,24,875.0,79.0,49.0,0.0,0.0,0.0,0.6000000000000001,0.0,0.0,Any,0.29142512077294686,25.83,100.0,100.0,100.0,23.700000000000003,100.0,80.925
219,Kidney Beans,General,333,23.7,60.1,0.8,24.9,24,2,1405.0,70.0,35.0,0.0,0.0,0.0,0.08000000000000002,0.0,0.0,Any,0.3953002610966057,14.424000000000001,100.0,100.0,100.0,21.0,100.0,80.25
220,Black Beans,General,339,21.0,62.4,1.4,15.0,30,1,1250.0,120.0,46.0,0.0,0.0,0.0,0.13999999999999999,0.0,0.0,Any,0.32544987146529564,18.72,100.0,100.0,100.0,36.0,100.0,84.0
221,Walnuts,General,654,15.2,13.7,65.2,6.7,15,2,441.0,150.0,98.0,0.0,2.0,2.0,6.5200000000000005,0.0,0.0,Any,0.30307765151515154,2.055,79.91999999999999,100.0,100.0,100.0,49.3,89.86
222,Almonds,General,575,21.0,20.0,49.9,12.2,0,1,773.0,70.0,264.0,0.0,0.0,0.0,4.99,0.0,0.0,Any,0.2025066666666667,0.0,100.0,78.63,100.0,21.0,98.3,74.5675
223,Cashews,General,553,18.2,30.2,43.9,3.3,25,12,565.0,292.0,37.0,0.0,0.0,0.0,4.39,0.0,0.0,Any,0.205804311774461,7.55,82.10666666666667,75.92999999999999,94.6,87.6,46.8,78.6225
224,Peanuts,General,567,25.8,16.1,49.2,8.5,13,18,705.0,168.0,92.0,0.0,0.0,0.0,4.920000000000001,0.0,0.0,Any,0.2125337655321448,2.093,100.0,77.53999999999999,100.0,50.4,87.4,79.465
225,Flaxseeds,General,534,18.3,28.9,42.2,27.3,0,30,813.0,150.0,255.0,0.0,2.0,2.0,4.220000000000001,0.0,0.0,Any,0.5204337899543379,0.0,100.0,100.0,100.0,100.0,100.0,100.0
226,Chia Seeds,General,486,16.5,42.1,30.7,34.4,1,16,407.0,150.0,631.0,0.0,2.0,2.0,3.0700000000000003,0.0,0.0,Any,0.6746268656716419,0.42100000000000004,100.0,100.0,100.0,100.0,100.0,100.0
227,Greek Yogurt,General,59,10.0,3.6,0.0,0.0,11,36,141.0,12.0,120.0,1.2,0.0,0.0,0.0,0.0,0.0,Any,0.3761467889908257,0.396,55.8,51.2,73.4,9.6,73.6,51.94
228,Salmon,General,206,22.0,0.0,13.4,0.0,0,59,628.0,29.0,12.0,5.0,1.0,1.5,1.34,0.0,0.0,Any,0.6215494791666667,0.0,80.60666666666667,86.38000000000001,100.0,75.2,88.4,88.075
229,Tuna,General,116,26.0,0.0,0.8,0.0,0,35,346.0,22.0,9.0,5.0,1.0,1.5,0.08000000000000002,0.0,0.0,Any,0.9943775100401606,0.0,69.24666666666667,89.46000000000001,100.0,73.1,100.0,90.64
230,Chicken Breast,General,165,31.0,0.0,3.6,0.0,0,63,248.0,32.0,11.0,0.0,0.0,0.0,0.36000000000000004,0.0,0.0,Any,0.33069767441860465,0.0,58.79333333333334,52.120000000000005,100.0,9.6,100.0,65.43
231,Lean Beef,General,250,26.0,0.0,17.0,0.0,0,55,393.0,22.0,11.0,0.0,0.0,0.0,1.7000000000000002,0.0,0.0,Any,0.19533333333333336,0.0,63.900000000000006,47.1,100.0,6.6,92.0,61.825
232,Turkey Breast,General,147,28.0,0.0,1.7,0.0,0,40,377.0,28.0,11.0,0.0,0.0,0.0,0.17,0.0,0.0,Any,0.32538071065989854,0.0,70.45333333333332,52.29,100.0,8.4,100.0,65.1725
233,Cod,General,105,23.0,0.0,0.9,0.0,0,63,429.0,29.0,12.0,0.0,0.0,0.0,0.09000000000000001,0.0,0.0,Any,0.35129032258064513,0.0,71.94,52.629999999999995,100.0,8.7,100.0,65.3325
234,Shrimp,General,85,20.0,0.0,0.9,0.0,0,119,239.0,16.0,56.0,0.0,0.0,0.0,0.09000000000000001,0.0,0.0,Any,0.3674074074074074,0.0,53.67333333333334,51.33,100.0,4.8,96.5,63.332499999999996
235,Soy Milk,General,54,3.3,3.2,3.0,1.2,34,47,118.0,14.0,120.0,1.2,0.0,0.0,1.7999999999999998,0.0,0.0,Any,0.30865384615384617,1.088,50.766666666666666,49.6,51.0,10.2,54.0,41.05
236,Almond Milk,General,39,1.0,1.5,3.0,0.5,25,72,64.0,9.0,120.0,1.2,0.0,0.0,1.7999999999999998,0.0,0.0,Any,0.2687265917602996,0.375,41.86666666666666,47.0,49.0,8.7,52.599999999999994,39.144999999999996
237,Coconut Milk,General,230,2.3,5.5,23.8,2.2,41,15,263.0,32.0,120.0,1.2,0.0,0.0,14.28,0.0,0.0,Any,0.1354761904761905,2.255,17.71333333333333,16.960000000000008,48.800000000000004,15.6,34.900000000000006,29.76
238,Avocado,General,160,2.0,9.0,14.7,7.0,15,7,480.0,29.0,12.0,0.0,0.0,0.1,1.47,0.0,0.0,Any,0.1942063492063492,1.35,100.0,71.99000000000001,83.0,11.2,73.5,60.39750000000001
239,Olive Oil,General,119,0.0,0.0,13.5,0.0,0,0,0.0,0.0,0.0,0.0,0.0,0.0,1.35,0.0,0.0,Any,0.0,0.0,44.6,45.95,60.0,0.0,53.1,40.1075
240,Flaxseed Oil,General,120,0.0,0.0,13.6,0.0,0,0,0.0,150.0,0.0,0.0,2.0,2.0,1.36,0.0,0.0,Any,0.8872549019607844,0.0,44.56,100.0,60.0,100.0,53.0,78.6
241,Avocado Oil,General,120,0.0,0.0,13.6,0.0,0,0,480.0,0.0,0.0,0.0,0.0,0.1,1.36,0.0,0.0,Any,0.029411764705882353,0.0,76.56,48.42,60.0,2.5,53.0,41.33
242,Chia Seed Oil,General,120,0.0,0.0,13.6,0.0,0,0,0.0,150.0,0.0,0.0,2.0,2.0,1.36,0.0,0.0,Any,0.8872549019607844,0.0,44.56,100.0,60.0,100.0,53.0,78.6
243,Salmon Oil,General,902,0.0,0.0,100.0,0.0,0,0,0.0,0.0,0.0,5.0,1.0,1.5,10.0,0.0,0.0,Any,0.11204481792717087,0.0,10.0,57.5,60.0,66.5,0.0,49.0
244,Apple,Fruit,52,0.3,14.0,0.2,2.4,39,1,107.0,5.0,6.0,0.0,0.0,0.0,0.020000000000000004,19.0,0.0,Snack,0.10245098039215687,5.46,66.55333333333334,10.140000000000002,46.800000000000004,1.5,50.5,27.050000000000004
245,Pear,Fruit,57,0.4,15.3,0.1,3.1,38,1,116.0,7.0,9.0,0.0,0.0,0.0,0.010000000000000002,16.0,0.0,Snack,0.12881619937694708,5.814,69.99333333333333,19.97,50.39999999999999,2.1,53.5,31.3375
246,Orange,Fruit,62,1.2,15.4,0.2,3.1,40,0,181.0,10.0,43.0,0.0,0.0,0.0,0.020000000000000004,12.0,0.0,Snack,0.1744047619047619,6.16,74.38666666666667,30.24,50.8,3.0,53.599999999999994,34.269999999999996
247,Blueberries,General,57,0.7,14.0,0.3,2.4,53,1,77.0,9.0,6.0,0.0,0.0,0.0,0.03,0.0,0.0,Any,0.11448598130841121,7.42,64.51333333333334,58.01,39.199999999999996,2.6999999999999997,43.8,35.6975
248,Strawberries,General,29,0.7,7.0,0.3,2.0,40,1,153.0,13.0,16.0,0.0,0.0,0.0,0.03,0.0,0.0,Any,0.16350210970464132,2.8,67.98,57.209999999999994,45.4,3.9000000000000004,51.5,39.1975
249,Raspberries,General,53,1.2,12.0,0.7,6.5,32,1,151.0,22.0,27.0,0.0,0.0,0.0,0.06999999999999999,0.0,0.0,Any,0.31326860841423954,3.84,85.68666666666667,71.49000000000001,69.2,6.6,72.1,54.7025
250,Watermelon,General,30,0.6,7.6,0.2,0.4,72,1,112.0,10.0,8.0,0.0,0.0,0.0,0.020000000000000004,0.0,0.0,Any,0.07291666666666666,5.4719999999999995,58.88666666666667,52.14,19.6,3.0,28.799999999999997,25.424999999999997
251,Pineapple,General,50,0.5,13.0,0.1,1.4,59,1,109.0,12.0,13.0,0.0,0.0,0.0,0.010000000000000002,0.0,0.0,Any,0.09966666666666667,7.67,62.72666666666667,55.370000000000005,31.199999999999996,3.5999999999999996,37.099999999999994,31.522499999999997
252,Kiwi,General,61,1.1,14.7,0.5,3.0,53,3,237.0,17.0,34.0,0.0,0.0,0.0,0.05,0.0,0.0,Any,0.17882882882882883,7.7909999999999995,77.3,60.550000000000004,42.400000000000006,5.1000000000000005,46.599999999999994,38.4525
253,Cucumber,General,16,0.7,3.6,0.2,0.5,15,2,147.0,10.0,16.0,0.0,0.0,0.0,0.020000000000000004,0.0,0.0,Any,0.10858585858585859,0.54,61.519999999999996,52.44,54.4,3.0,59.3,42.04
254,Celery,General,16,0.7,3.5,0.2,1.6,15,80,260.0,11.0,40.0,0.0,0.0,0.0,0.020000000000000004,0.0,0.0,Any,0.20429292929292928,0.525,65.65333333333334,55.839999999999996,58.8,3.3,63.7,45.165
255,Lettuce,General,5,0.5,1.0,0.0,0.5,0,28,194.0,4.0,18.0,0.0,0.0,0.0,0.0,0.0,0.0,Any,0.0993939393939394,0.0,62.13333333333334,51.9,63.0,1.2,67.5,45.675
256,Spinach,General,23,2.9,3.6,0.4,2.2,0,79,558.0,80.0,100.0,0.0,0.5,0.0,0.04000000000000001,0.0,0.0,Any,0.6365296803652968,0.0,87.94,64.47999999999999,74.6,26.0,77.3,60.46
257,Kale,General,49,4.3,9.0,0.9,3.6,0,38,330.0,80.0,100.0,0.0,0.5,0.0,0.09000000000000001,0.0,0.0,Any,0.5447811447811447,0.0,82.24000000000001,68.53,83.0,26.0,83.1,65.1525
258,Broccoli,General,55,3.7,11.2,0.6,3.3,15,33,316.0,80.0,100.0,0.0,0.5,0.0,0.06,0.0,0.0,Any,0.4926984126984127,1.68,80.72666666666667,67.72,71.60000000000001,26.0,72.60000000000001,59.43
259,Cauliflower,General,25,2.0,5.3,0.3,2.0,15,30,320.0,15.0,22.0,0.0,0.0,0.0,0.03,0.0,0.0,Any,0.22155555555555556,0.795,76.21333333333332,57.41,63.0,4.5,67.0,47.777499999999996
260,Carrots,General,41,0.9,10.0,0.2,2.8,41,69,320.0,12.0,33.0,0.0,0.0,0.0,0.020000000000000004,0.0,0.0,Any,0.19157509157509153,4.1,75.55333333333333,59.54,48.39999999999999,3.5999999999999996,53.39999999999999,40.985
261,Green Beans,General,31,1.8,7.1,0.2,3.4,15,6,209.0,25.0,37.0,0.0,0.0,0.0,0.020000000000000004,0.0,0.0,Any,0.30720164609053496,1.065,76.85333333333334,62.64,68.19999999999999,7.5,71.6,52.315
262,Tomato,General,18,0.9,3.9,0.2,1.2,38,5,237.0,11.0,10.0,0.0,0.0,0.0,0.020000000000000004,0.0,0.0,Any,0.14044117647058824,1.482,70.02,54.64,43.79999999999999,3.3,50.8,37.785
263,Tofu,General,144,15.7,2.4,8.0,1.1,15,10,150.0,37.0,683.0,0.0,0.0,0.0,0.8,0.0,0.0,Any,0.5804982817869416,0.36,60.2,54.6,86.8,11.1,78.9,58.245
264,Quorn,General,106,14.0,4.5,2.0,2.8,0,9,433.0,57.0,9.0,0.0,0.0,0.0,0.2,0.0,0.0,Any,0.33643162393162396,0.0,88.36666666666666,63.49999999999999,99.2,17.099999999999998,93.60000000000001,68.63
265,Turkey Breast,General,189,27.0,0.0,8.2,0.0,0,65,339.0,29.0,13.0,0.0,0.0,0.0,0.82,0.0,0.0,Any,0.26171548117154814,0.0,62.81999999999999,50.44,100.0,8.7,100.0,64.785
266,Lean Beef,General,250,26.0,0.0,17.0,0.0,0,54,392.0,22.0,7.0,0.0,0.0,0.0,1.7000000000000002,0.0,0.0,Any,0.19400000000000003,0.0,63.93333333333332,47.1,100.0,6.6,92.0,61.825
267,Lamb,General,258,25.0,0.0,17.0,0.0,0,57,299.0,23.0,14.0,0.0,0.0,0.0,1.7000000000000002,0.0,0.0,Any,0.18555194805194805,0.0,57.43333333333334,47.199999999999996,100.0,6.9,89.2,61.364999999999995
268,Pork Tenderloin,General,143,30.0,0.0,3.0,0.0,0,50,437.0,35.0,9.0,0.0,0.0,0.0,0.30000000000000004,0.0,0.0,Any,0.3608808290155441,0.0,72.93333333333334,52.6,100.0,10.5,100.0,65.775
269,Oats,General,389,16.9,66.0,6.9,10.6,55,2,429.0,177.0,54.0,0.0,0.0,0.0,0.6900000000000001,0.0,0.0,Any,0.2705770690964313,36.3,100.0,97.43,100.0,53.1,74.80000000000001,82.5925
270,Brown Bread,General,247,9.4,48.0,1.8,6.7,85,381,125.0,29.0,80.0,0.0,0.0,0.0,0.18000000000000002,0.0,0.0,Any,0.18984287317620652,40.8,46.313333333333325,72.46,54.599999999999994,8.7,43.39999999999999,45.35
271,Whole Wheat Pasta,General,124,4.5,25.7,0.8,4.2,37,3,118.0,37.0,14.0,0.0,0.0,0.0,0.08000000000000002,0.0,0.0,Any,0.1933908045977012,9.509,74.04666666666667,66.06,63.599999999999994,11.1,59.900000000000006,50.35
272,Quinoa Pasta,General,121,4.2,21.3,2.2,3.4,53,3,119.0,38.0,15.0,0.0,0.0,0.0,0.22000000000000003,0.0,0.0,Any,0.1797270955165692,11.289000000000001,70.35333333333334,63.34,50.199999999999996,11.4,48.39999999999999,43.425000000000004
273,Cauliflower Rice,General,25,2.0,5.3,0.3,2.0,15,30,320.0,15.0,22.0,0.0,0.0,0.0,0.03,0.0,0.0,Any,0.22155555555555556,0.795,76.21333333333332,57.41,63.0,4.5,67.0,47.777499999999996
274,Zucchini Noodles,General,17,1.2,3.1,0.2,1.0,15,2,261.0,21.0,16.0,0.0,0.0,0.0,0.020000000000000004,0.0,0.0,Any,0.18781094527363187,0.465,71.12,55.04,57.4,6.3,62.2,44.995000000000005
275,Cabbage,General,25,1.3,5.8,0.1,2.2,10,18,170.0,12.0,40.0,0.0,0.0,0.0,0.010000000000000002,0.0,0.0,Any,0.22577777777777777,0.58,68.29333333333332,57.77,65.39999999999999,3.5999999999999996,68.89999999999999,48.7425
276,Seaweed,General,43,2.3,9.6,0.6,0.5,35,682,233.0,60.0,168.0,0.0,0.0,0.0,0.06,0.0,0.0,Any,0.40931899641577063,3.36,0.0,57.32,45.6,18.0,49.8,42.47
277,Miso Soup,General,36,2.0,5.8,0.6,0.9,35,600,192.0,33.0,15.0,0.0,0.0,0.0,0.06,0.0,0.0,Any,0.19476744186046516,2.03,6.1600000000000055,55.82,46.6,9.9,51.5,40.71000000000001
278,Green Tea,General,0,0.0,0.0,0.0,0.0,0,1,8.0,1.0,2.0,0.0,0.0,0.0,0.0,0.0,0.0,Any,0.009000000000000001,0.0,50.43333333333333,50.1,60.0,0.3,65.0,43.6
279,Watermelon,General,30,0.6,7.6,0.2,0.4,72,1,112.0,10.0,8.0,0.0,0.0,0.0,0.020000000000000004,0.0,0.0,Any,0.07291666666666666,5.4719999999999995,58.88666666666667,52.14,19.6,3.0,28.799999999999997,25.424999999999997
280,Berries (mixed),General,43,0.7,10.6,0.4,2.6,40,1,77.0,6.0,16.0,0.0,0.0,0.0,0.04000000000000001,0.0,0.0,Any,0.14157706093189965,4.24,65.27333333333334,58.28,47.8,1.7999999999999998,52.5,39.86
281,Quorn,General,106,14.0,4.5,2.0,2.8,0,9,433.0,57.0,9.0,0.0,0.0,0.0,0.2,0.0,0.0,Any,0.33643162393162396,0.0,88.36666666666666,63.49999999999999,99.2,17.099999999999998,93.60000000000001,68.63
282,Turkey Breast,General,189,27.0,0.0,8.2,0.0,0,65,339.0,29.0,13.0,0.0,0.0,0.0,0.82,0.0,0.0,Any,0.26171548117154814,0.0,62.81999999999999,50.44,100.0,8.7,100.0,64.785
283,Lean Beef,General,250,26.0,0.0,17.0,0.0,0,54,392.0,22.0,7.0,0.0,0.0,0.0,1.7000000000000002,0.0,0.0,Any,0.19400000000000003,0.0,63.93333333333332,47.1,100.0,6.6,92.0,61.825
284,Lamb,General,258,25.0,0.0,17.0,0.0,0,57,299.0,23.0,14.0,0.0,0.0,0.0,1.7000000000000002,0.0,0.0,Any,0.18555194805194805,0.0,57.43333333333334,47.199999999999996,100.0,6.9,89.2,61.364999999999995
285,Pork Tenderloin,General,143,30.0,0.0,3.0,0.0,0,50,437.0,35.0,9.0,0.0,0.0,0.0,0.30000000000000004,0.0,0.0,Any,0.3608808290155441,0.0,72.93333333333334,52.6,100.0,10.5,100.0,65.775
286,Oats,General,389,16.9,66.0,6.9,10.6,55,2,429.0,177.0,54.0,0.0,0.0,0.0,0.6900000000000001,0.0,0.0,Any,0.2705770690964313,36.3,100.0,97.43,100.0,53.1,74.80000000000001,82.5925
287,Brown Bread,General,247,9.4,48.0,1.8,6.7,85,381,125.0,29.0,80.0,0.0,0.0,0.0,0.18000000000000002,0.0,0.0,Any,0.18984287317620652,40.8,46.313333333333325,72.46,54.599999999999994,8.7,43.39999999999999,45.35
288,Whole Wheat Pasta,General,124,4.5,25.7,0.8,4.2,37,3,118.0,37.0,14.0,0.0,0.0,0.0,0.08000000000000002,0.0,0.0,Any,0.1933908045977012,9.509,74.04666666666667,66.06,63.599999999999994,11.1,59.900000000000006,50.35
289,Quinoa Pasta,General,121,4.2,21.3,2.2,3.4,53,3,119.0,38.0,15.0,0.0,0.0,0.0,0.22000000000000003,0.0,0.0,Any,0.1797270955165692,11.289000000000001,70.35333333333334,63.34,50.199999999999996,11.4,48.39999999999999,43.425000000000004
290,Cauliflower Rice,General,25,2.0,5.3,0.3,2.0,15,30,320.0,15.0,22.0,0.0,0.0,0.0,0.03,0.0,0.0,Any,0.22155555555555556,0.795,76.21333333333332,57.41,63.0,4.5,67.0,47.777499999999996
291,Zucchini Noodles,General,17,1.2,3.1,0.2,1.0,15,2,261.0,21.0,16.0,0.0,0.0,0.0,0.020000000000000004,0.0,0.0,Any,0.18781094527363187,0.465,71.12,55.04,57.4,6.3,62.2,44.995000000000005
292,Seaweed,General,43,2.3,9.6,0.6,0.5,35,682,233.0,60.0,168.0,0.0,0.0,0.0,0.06,0.0,0.0,Any,0.40931899641577063,3.36,0.0,57.32,45.6,18.0,49.8,42.47
293,Miso Soup,General,36,2.0,5.8,0.6,0.9,35,600,192.0,33.0,15.0,0.0,0.0,0.0,0.06,0.0,0.0,Any,0.19476744186046516,2.03,6.1600000000000055,55.82,46.6,9.9,51.5,40.71000000000001
294,Green Tea,General,0,0.0,0.0,0.0,0.0,0,1,8.0,1.0,2.0,0.0,0.0,0.0,0.0,0.0,0.0,Any,0.009000000000000001,0.0,50.43333333333333,50.1,60.0,0.3,65.0,43.6
295,Watermelon,General,30,0.6,7.6,0.2,0.4,72,1,112.0,10.0,8.0,0.0,0.0,0.0,0.020000000000000004,0.0,0.0,Any,0.07291666666666666,5.4719999999999995,58.88666666666667,52.14,19.6,3.0,28.799999999999997,25.424999999999997
296,Berries (mixed),General,43,0.7,10.6,0.4,2.6,40,1,77.0,6.0,16.0,0.0,0.0,0.0,0.04000000000000001,0.0,0.0,Any,0.14157706093189965,4.24,65.27333333333334,58.28,47.8,1.7999999999999998,52.5,39.86
297,Grapes,General,69,0.7,18.0,0.2,0.9,59,2,191.0,11.0,10.0,0.0,0.0,0.0,0.020000000000000004,0.0,0.0,Any,0.06848739495798319,10.62,66.05333333333334,53.74,29.599999999999994,3.3,33.6,29.86
298,Oranges,General,43,0.9,11.0,0.1,2.3,45,0,181.0,10.0,43.0,0.0,0.0,0.0,0.010000000000000002,0.0,0.0,Any,0.174910394265233,4.95,71.22666666666666,57.87,44.0,3.0,49.2,38.2575
299,Apples,General,52,0.3,14.0,0.2,2.4,39,0,107.0,5.0,6.0,0.0,0.0,0.0,0.020000000000000004,0.0,0.0,Any,0.10245098039215687,5.46,66.65333333333334,57.64,46.800000000000004,1.5,50.5,38.925000000000004
300,Pears,General,57,0.4,15.0,0.1,3.1,38,1,116.0,9.0,11.0,0.0,0.0,0.0,0.010000000000000002,0.0,0.0,Any,0.1353582554517134,5.7,69.99333333333333,60.169999999999995,50.39999999999999,2.6999999999999997,53.5,41.5375
301,Avocado,General,160,2.0,9.0,15.0,7.0,15,7,480.0,29.0,14.0,0.0,0.0,0.1,1.5,0.0,0.0,Any,0.19515873015873017,1.35,100.0,71.9,83.0,11.2,73.5,60.375
302,Coconut,General,354,3.3,15.0,33.5,9.0,45,20,356.0,32.0,14.0,0.0,0.0,0.0,3.35,0.0,0.0,Any,0.11386138613861387,6.75,94.33333333333333,70.15,75.6,9.6,49.7,52.55749999999999
303,Olive Oil,General,119,0.0,0.0,13.5,0.0,0,0,0.0,0.0,0.0,0.0,0.0,0.0,1.35,0.0,0.0,Any,0.0,0.0,44.6,45.95,60.0,0.0,53.1,40.1075
304,Almond Butter,General,614,20.0,19.0,55.0,11.6,0,0,749.0,303.0,268.0,0.0,0.0,0.0,5.5,0.0,0.0,Any,0.27291666666666664,0.0,100.0,98.6,100.0,90.89999999999999,90.0,95.375
305,Greek Yogurt,General,59,10.0,3.6,0.4,0.0,11,36,141.0,12.0,120.0,1.2,0.0,0.0,0.24,0.0,0.0,Any,0.3761467889908257,0.396,54.839999999999996,50.480000000000004,73.4,9.6,73.6,51.76
306,Quorn,General,106,14.0,4.5,2.0,2.8,0,9,433.0,57.0,9.0,0.0,0.0,0.0,0.2,0.0,0.0,Any,0.33643162393162396,0.0,88.36666666666666,63.49999999999999,99.2,17.099999999999998,93.60000000000001,68.63
307,Turkey Breast,General,189,27.0,0.0,8.2,0.0,0,65,339.0,29.0,13.0,0.0,0.0,0.0,0.82,0.0,0.0,Any,0.26171548117154814,0.0,62.81999999999999,50.44,100.0,8.7,100.0,64.785
308,Lean Beef,General,250,26.0,0.0,17.0,0.0,0,54,392.0,22.0,7.0,0.0,0.0,0.0,1.7000000000000002,0.0,0.0,Any,0.19400000000000003,0.0,63.93333333333332,47.1,100.0,6.6,92.0,61.825
309,Lamb,General,258,25.0,0.0,17.0,0.0,0,57,299.0,23.0,14.0,0.0,0.0,0.0,1.7000000000000002,0.0,0.0,Any,0.18555194805194805,0.0,57.43333333333334,47.199999999999996,100.0,6.9,89.2,61.364999999999995
310,Pork Tenderloin,General,143,30.0,0.0,3.0,0.0,0,50,437.0,35.0,9.0,0.0,0.0,0.0,0.30000000000000004,0.0,0.0,Any,0.3608808290155441,0.0,72.93333333333334,52.6,100.0,10.5,100.0,65.775
311,Oats,General,389,16.9,66.0,6.9,10.6,55,2,429.0,177.0,54.0,0.0,0.0,0.0,0.6900000000000001,0.0,0.0,Any,0.2705770690964313,36.3,100.0,97.43,100.0,53.1,74.80000000000001,82.5925
312,Brown Bread,General,247,9.4,48.0,1.8,6.7,85,381,125.0,29.0,80.0,0.0,0.0,0.0,0.18000000000000002,0.0,0.0,Any,0.18984287317620652,40.8,46.313333333333325,72.46,54.599999999999994,8.7,43.39999999999999,45.35
313,Whole Wheat Pasta,General,124,4.5,25.7,0.8,4.2,37,3,118.0,37.0,14.0,0.0,0.0,0.0,0.08000000000000002,0.0,0.0,Any,0.1933908045977012,9.509,74.04666666666667,66.06,63.599999999999994,11.1,59.900000000000006,50.35
314,Quinoa Pasta,General,121,4.2,21.3,2.2,3.4,53,3,119.0,38.0,15.0,0.0,0.0,0.0,0.22000000000000003,0.0,0.0,Any,0.1797270955165692,11.289000000000001,70.35333333333334,63.34,50.199999999999996,11.4,48.39999999999999,43.425000000000004
315,Chapati,General,68,2.0,14.0,1.0,2.2,62,3,63.0,29.0,14.0,0.0,0.0,0.0,0.1,0.0,0.0,Any,0.16935028248587575,8.68,62.300000000000004,59.2,35.6,8.7,40.0,35.655
316,Rice,General,130,2.7,29.0,0.3,0.4,73,1,43.0,7.0,10.0,0.0,0.0,0.0,0.03,0.0,0.0,Any,0.05268518518518519,21.17,54.24666666666667,51.81,23.200000000000003,2.1,22.5,24.9375
317,Dal,General,117,7.0,20.0,0.6,8.0,10,8,470.0,30.0,40.0,0.0,0.0,0.0,0.06,0.0,0.0,Any,0.31237524950099804,2.0,100.0,76.82,100.0,9.0,94.3,70.315
318,Paneer,General,265,18.0,3.0,21.0,0.0,0,138,61.0,22.0,516.0,0.0,0.0,0.0,2.1,0.0,0.0,Any,0.29555555555555557,0.0,31.866666666666667,45.900000000000006,96.0,6.6,74.5,56.824999999999996
319,Chicken Curry,General,185,20.0,10.0,7.0,2.0,0,580,305.0,36.0,28.0,0.0,0.0,0.0,0.7000000000000001,0.0,0.0,Any,0.24879432624113476,0.0,17.533333333333328,57.5,100.0,10.799999999999999,94.5,65.97500000000001
320,Fish Curry,General,141,18.0,2.0,7.0,0.0,0,593,436.0,39.0,23.0,0.0,0.0,0.0,0.7000000000000001,0.0,0.0,Any,0.25157068062827226,0.0,16.966666666666665,51.8,96.0,11.700000000000001,86.9,62.055
321,Vegetable Biryani,General,323,6.9,58.0,7.4,4.2,46,242,174.0,23.0,65.0,0.0,0.0,0.0,0.7400000000000001,0.0,0.0,Any,0.10737265415549599,26.68,51.23999999999999,62.68000000000001,63.0,6.9,40.3,44.355000000000004
322,Samosa,General,262,6.0,32.0,12.0,2.0,85,400,172.0,22.0,25.0,0.0,0.0,0.0,1.2000000000000002,0.0,0.0,Any,0.08547008547008547,27.2,24.666666666666668,54.6,29.0,6.6,16.299999999999997,27.259999999999998
323,Dosa,General,133,2.6,17.0,5.0,1.4,60,78,167.0,28.0,27.0,0.0,0.0,0.0,0.5,0.0,0.0,Any,0.1069216757741348,10.2,56.93333333333334,55.5,34.800000000000004,8.4,32.50000000000001,32.915
324,Idli,General,39,2.0,8.0,0.4,1.0,85,28,68.0,7.0,15.0,0.0,0.0,0.0,0.04000000000000001,0.0,0.0,Any,0.11891385767790263,6.8,55.57333333333334,53.580000000000005,17.0,2.1,26.599999999999994,24.340000000000003
325,Pakora,General,230,8.0,21.0,14.0,1.5,75,363,214.0,14.0,44.0,0.0,0.0,0.0,1.4000000000000001,0.0,0.0,Any,0.10321428571428572,15.75,28.366666666666667,51.699999999999996,37.0,4.2,26.5,30.375
326,Mutton Curry,General,250,26.0,5.0,15.0,0.0,0,612,438.0,37.0,32.0,0.0,0.0,0.0,1.5,0.0,0.0,Any,0.21483333333333335,0.0,12.0,49.2,100.0,11.1,92.0,63.47500000000001
327,Butter Chicken,General,360,24.0,10.0,25.0,2.0,0,820,320.0,30.0,50.0,0.0,0.0,0.0,2.5,0.0,0.0,Any,0.16382113821138208,0.0,0.0,51.5,100.0,9.0,85.0,62.125
328,Palak Paneer,General,220,12.0,10.0,16.0,3.0,0,370,330.0,70.0,390.0,0.0,0.0,0.0,1.6,0.0,0.0,Any,0.33518518518518514,0.0,40.6,61.2,96.0,21.0,79.0,65.14999999999999
329,Chicken Biryani,General,380,18.0,45.0,12.0,2.0,50,800,220.0,40.0,40.0,0.0,0.0,0.0,1.2000000000000002,0.0,0.0,Any,0.1317829457364341,22.5,0.0,56.4,74.0,12.0,46.0,48.5
330,Aloo Gobi,General,160,4.0,20.0,8.0,4.0,85,460,520.0,40.0,105.0,0.0,0.0,0.0,0.8,0.0,0.0,Any,0.19920634920634922,17.0,51.46666666666667,63.6,33.0,12.0,30.5,34.9
331,Chana Masala,General,210,10.0,35.0,4.0,8.0,42,440,540.0,60.0,70.0,0.0,0.0,0.0,0.4,0.0,0.0,Any,0.2641025641025641,14.7,72.4,78.8,86.8,18.0,75.0,65.24
332,Baingan Bharta,General,160,2.0,18.0,9.0,7.0,25,360,460.0,25.0,25.0,0.0,0.0,0.0,0.9,0.0,0.0,Any,0.17182539682539683,4.5,69.06666666666668,70.8,77.0,7.5,68.5,56.375
333,Rajma Chawal,General,320,12.0,55.0,5.0,11.0,55,450,560.0,40.0,70.0,0.0,0.0,0.0,0.5,0.0,0.0,Any,0.20990990990990988,30.25,84.33333333333334,85.5,95.0,12.0,73.5,67.575
334,Pani Puri,General,80,2.0,15.0,1.0,2.0,85,250,120.0,10.0,20.0,0.0,0.0,0.0,0.1,0.0,0.0,Any,0.11666666666666665,12.75,40.6,56.7,21.0,3.0,26.5,26.525000000000002
335,Samosa Chaat,General,320,8.0,45.0,14.0,3.0,85,480,230.0,30.0,50.0,0.0,0.0,0.0,1.4000000000000001,0.0,0.0,Any,0.10405405405405406,38.25,23.733333333333327,57.8,37.0,9.0,18.5,31.499999999999996
336,Mango Lassi,General,180,5.0,30.0,5.0,0.0,41,40,280.0,20.0,200.0,0.0,0.0,0.0,0.5,0.0,0.0,Any,0.15217391304347827,12.3,62.66666666666667,50.5,45.4,6.0,36.5,35.045
337,Gulab Jamun,General,150,2.0,20.0,7.0,1.0,65,10,20.0,5.0,20.0,0.0,0.0,0.0,0.7000000000000001,0.0,0.0,Any,0.05291666666666667,13.0,51.53333333333334,51.4,29.0,1.5,25.5,27.025
338,Masoor Dal,General,352,24.0,63.0,1.0,7.0,25,6,1202.0,36.0,19.0,0.0,0.0,0.0,0.1,0.0,0.0,Any,0.20456053067993366,15.75,100.0,74.3,100.0,10.799999999999999,93.3,69.935
339,Aloo Paratha,General,297,8.0,46.0,9.0,5.0,95,532,322.0,40.0,95.0,0.0,0.0,0.0,0.9,0.0,0.0,Any,0.15033621517771373,43.7,34.666666666666664,66.3,39.0,12.0,23.799999999999997,36.035
340,Tandoori Roti,General,106,3.0,20.0,1.0,2.0,0,221,83.0,20.0,13.0,0.0,0.0,0.0,0.1,0.0,0.0,Any,0.12158119658119657,0.0,41.03333333333333,57.7,74.0,6.0,68.4,51.805
341,Chicken Korma,General,270,29.0,5.0,15.0,1.0,0,540,328.0,34.0,68.0,0.0,0.0,0.0,1.5,0.0,0.0,Any,0.23947916666666663,0.0,15.866666666666674,51.9,100.0,10.200000000000001,100.0,65.525
342,Pulao,General,318,7.0,56.0,7.0,2.0,65,591,142.0,33.0,50.0,0.0,0.0,0.0,0.7000000000000001,0.0,0.0,Any,0.09216485507246376,36.4,5.566666666666666,57.199999999999996,43.0,9.9,22.700000000000003,34.214999999999996
343,Gajar Halwa,General,265,3.0,38.0,12.0,4.0,85,140,320.0,20.0,180.0,0.0,0.0,0.0,1.2000000000000002,0.0,0.0,Any,0.1343915343915344,32.3,68.53333333333333,60.4,31.0,6.0,18.0,29.5
344,Malai Kofta,General,350,7.0,15.0,29.0,2.0,85,780,460.0,55.0,190.0,0.0,0.0,0.0,2.9000000000000004,0.0,0.0,Any,0.13354166666666667,12.75,0.0,52.8,31.0,16.5,9.5,28.525
345,Chicken Biryani,General,380,18.0,45.0,12.0,2.0,50,800,220.0,40.0,40.0,0.0,0.0,0.0,1.2000000000000002,0.0,0.0,Any,0.1317829457364341,22.5,0.0,56.4,74.0,12.0,46.0,48.5
346,Mango Pickle,General,120,1.0,27.0,0.0,3.0,40,1100,120.0,14.0,27.0,0.0,0.0,0.0,0.0,0.0,0.0,Any,0.10705882352941178,10.8,0.0,60.4,50.0,4.2,47.0,40.55
347,Pav Bhaji,General,297,7.0,46.0,11.0,8.0,65,585,260.0,45.0,55.0,0.0,0.0,0.0,1.1,0.0,0.0,Any,0.1654658981748319,29.9,36.433333333333344,75.2,67.0,13.5,48.8,52.035
348,Coconut Chutney,General,90,1.0,5.0,8.0,1.0,35,88,110.0,9.0,13.0,0.0,0.0,0.0,0.8,0.0,0.0,Any,0.06345238095238095,1.75,49.33333333333333,51.5,45.0,2.6999999999999997,44.5,35.95
349,Rasgulla,General,186,3.0,44.0,0.0,0.0,86,36,30.0,2.0,81.0,0.0,0.0,0.0,0.0,0.0,0.0,Any,0.06186440677966102,37.84,48.4,50.2,14.4,0.6,9.399999999999999,18.900000000000002
350,Matar Paneer,General,285,9.0,14.0,21.0,3.0,0,380,400.0,28.0,270.0,0.0,0.0,0.0,2.1,0.0,0.0,Any,0.1850746268656717,0.0,42.26666666666666,55.5,90.0,8.4,66.5,56.275000000000006
351,Puri,General,80,2.0,13.0,3.0,1.0,85,50,40.0,8.0,8.0,0.0,0.0,0.0,0.30000000000000004,0.0,0.0,Any,0.07794871794871794,11.05,50.46666666666666,52.9,17.0,2.4,22.5,23.424999999999997
352,Chole Bhature,General,450,10.0,55.0,22.0,8.0,78,810,530.0,60.0,100.0,0.0,0.0,0.0,2.2,0.0,0.0,Any,0.14333333333333334,42.9,27.533333333333328,73.4,65.2,18.0,33.0,49.01
353,Bhindi Masala,General,120,2.0,9.0,9.0,3.0,20,330,420.0,45.0,50.0,0.0,0.0,0.0,0.9,0.0,0.0,Any,0.17794117647058824,1.8,53.4,60.8,64.0,13.5,59.0,49.575
354,Mango Chutney,General,40,0.0,10.0,0.0,0.0,55,100,30.0,2.0,5.0,0.0,0.0,0.0,0.0,0.0,0.0,Any,0.011111111111111112,5.5,42.0,50.2,27.0,0.6,33.5,27.5
355,Mutton Biryani,General,480,28.0,50.0,18.0,2.0,50,1000,420.0,38.0,90.0,0.0,0.0,0.0,1.8,0.0,0.0,Any,0.15314465408805034,25.0,0.0,54.4,94.0,11.4,56.0,55.85
356,Puliyogare,General,315,7.0,52.0,9.0,2.0,65,590,130.0,25.0,50.0,0.0,0.0,0.0,0.9,0.0,0.0,Any,0.08744292237442922,33.8,4.066666666666672,55.8,43.0,7.5,23.0,33.325
357,Kheer,General,200,3.0,20.0,10.0,0.0,85,70,100.0,10.0,150.0,0.0,0.0,0.0,1.0,0.0,0.0,Any,0.094,17.0,45.666666666666664,48.0,15.0,3.0,8.5,18.95
358,Rajma Masala,General,215,11.0,38.0,1.0,6.0,27,260,1140.0,48.0,87.0,0.0,0.0,0.0,0.1,0.0,0.0,Any,0.23660377358490567,10.26,100.0,72.5,89.8,14.399999999999999,76.0,63.865
359,Pav,General,160,4.0,30.0,2.0,2.0,65,370,105.0,15.0,16.0,0.0,0.0,0.0,0.2,0.0,0.0,Any,0.09531746031746031,19.5,27.2,56.9,37.0,4.5,32.5,32.95
360,Veg Biryani,General,340,8.0,55.0,10.0,4.0,50,590,240.0,30.0,40.0,0.0,0.0,0.0,1.0,0.0,0.0,Any,0.1047008547008547,27.5,19.0,62.0,62.0,9.0,38.0,43.949999999999996
361,Tandoori Chicken,General,290,29.0,4.0,18.0,1.0,0,620,420.0,33.0,20.0,0.0,0.0,0.0,1.8,0.0,0.0,Any,0.21053921568627448,0.0,12.8,50.9,100.0,9.9,98.0,64.80000000000001
362,Methi Paratha,General,180,4.0,30.0,5.0,4.0,35,380,140.0,30.0,70.0,0.0,0.0,0.0,0.5,0.0,0.0,Any,0.15579710144927536,10.5,35.33333333333333,63.5,63.0,9.0,53.5,47.725
363,Chicken Curry,General,250,28.0,10.0,13.0,3.0,0,620,370.0,36.0,40.0,0.0,0.0,0.0,1.3,0.0,0.0,Any,0.2633333333333333,0.0,19.466666666666672,58.7,100.0,10.799999999999999,100.0,67.375
364,Baigan Masala,General,130,2.0,15.0,8.0,5.0,20,370,410.0,24.0,35.0,0.0,0.0,0.0,0.8,0.0,0.0,Any,0.16759259259259257,3.0,57.13333333333334,65.0,72.0,7.199999999999999,66.0,52.85
365,Malai Paneer,General,320,16.0,5.0,27.0,1.0,0,540,310.0,29.0,460.0,0.0,0.0,0.0,2.7,0.0,0.0,Any,0.23941441441441444,0.0,9.86666666666667,47.8,96.0,8.7,69.0,56.724999999999994
366,Dahi Vada,General,180,4.0,23.0,8.0,2.0,85,230,160.0,15.0,60.0,0.0,0.0,0.0,0.8,0.0,0.0,Any,0.10615942028985507,19.55,42.46666666666667,55.1,25.0,4.5,20.5,26.5
367,Prawn Curry,General,200,25.0,10.0,8.0,1.0,0,690,380.0,40.0,80.0,0.0,0.0,0.0,0.8,0.0,0.0,Any,0.2853333333333333,0.0,7.133333333333328,54.6,100.0,12.0,99.0,66.45
368,Gobi Manchurian,General,260,7.0,32.0,12.0,3.0,65,580,460.0,38.0,35.0,0.0,0.0,0.0,1.2000000000000002,0.0,0.0,Any,0.11935483870967742,20.8,29.86666666666667,59.199999999999996,47.0,11.4,32.5,38.25
369,Chicken Kebab,General,180,24.0,2.0,9.0,1.0,0,460,300.0,25.0,18.0,0.0,0.0,0.0,0.9,0.0,0.0,Any,0.25818840579710145,0.0,24.4,52.8,100.0,7.5,99.0,64.875
370,Vegetable Curry,General,150,5.0,12.0,10.0,3.0,0,520,380.0,28.0,60.0,0.0,0.0,0.0,1.0,0.0,0.0,Any,0.165,0.0,31.33333333333333,58.8,82.0,8.4,72.0,55.8
371,Raita,General,90,3.0,8.0,5.0,1.0,30,110,180.0,10.0,80.0,0.0,0.0,0.0,0.5,0.0,0.0,Any,0.14166666666666666,2.4,53.0,52.5,52.0,3.0,51.0,39.675000000000004
372,Kadai Paneer,General,290,12.0,10.0,22.0,3.0,0,620,380.0,30.0,450.0,0.0,0.0,0.0,2.2,0.0,0.0,Any,0.25441176470588234,0.0,16.533333333333328,55.4,96.0,9.0,72.0,59.3
373,Vegetable Pulao,General,320,7.0,50.0,9.0,3.0,65,560,240.0,35.0,60.0,0.0,0.0,0.0,0.9,0.0,0.0,Any,0.10472972972972973,32.5,18.4,59.8,47.0,10.5,26.5,36.975
374,Chicken Tikka,General,180,25.0,2.0,8.0,0.0,0,380,410.0,35.0,20.0,0.0,0.0,0.0,0.8,0.0,0.0,Any,0.2641304347826087,0.0,36.13333333333334,51.1,100.0,10.5,97.0,64.8
375,Palak Paneer,General,240,15.0,8.0,17.0,3.0,15,570,560.0,38.0,430.0,0.0,0.0,0.0,1.7000000000000002,0.0,0.0,Any,0.31896551724137934,1.2,35.533333333333346,57.699999999999996,93.0,11.4,75.5,60.275
376,Medu Vada,General,150,3.0,14.0,9.0,2.0,70,260,75.0,20.0,15.0,0.0,0.0,0.0,0.9,0.0,0.0,Any,0.09583333333333333,9.8,33.4,55.3,32.0,6.0,29.0,30.724999999999998
377,Fish Curry,General,220,24.0,8.0,11.0,2.0,0,630,410.0,30.0,30.0,0.0,0.0,0.0,1.1,0.0,0.0,Any,0.241358024691358,0.0,17.933333333333344,55.7,100.0,9.0,99.0,65.975
378,Paneer Tikka,General,230,14.0,5.0,18.0,1.0,15,380,310.0,30.0,380.0,0.0,0.0,0.0,1.8,0.0,0.0,Any,0.2744047619047619,0.75,29.466666666666672,50.6,83.0,9.0,66.5,53.099999999999994
379,Veg Cutlet,General,180,3.0,20.0,17.0,3.0,65,440,180.0,15.0,35.0,0.0,0.0,0.0,1.7000000000000002,0.0,0.0,Any,0.10108695652173913,13.0,23.2,55.4,39.0,4.5,32.5,33.175
380,Chicken Biryani,General,400,28.0,45.0,15.0,2.0,50,780,320.0,30.0,40.0,0.0,0.0,0.0,1.5,0.0,0.0,Any,0.16481481481481483,22.5,0.0,54.5,94.0,9.0,64.0,56.875
381,Rasam,General,60,2.0,15.0,0.0,1.0,25,450,110.0,20.0,20.0,0.0,0.0,0.0,0.0,0.0,0.0,Any,0.1303030303030303,3.75,16.333333333333336,55.0,53.0,6.0,54.5,42.05
382,Upma,General,220,5.0,40.0,4.0,2.0,55,520,130.0,28.0,25.0,0.0,0.0,0.0,0.4,0.0,0.0,Any,0.0969135802469136,22.0,13.066666666666672,57.599999999999994,45.0,8.4,33.5,36.7
383,Lemon Rice,General,250,5.0,40.0,7.0,1.0,50,550,70.0,20.0,30.0,0.0,0.0,0.0,0.7000000000000001,0.0,0.0,Any,0.07111111111111112,20.0,0.866666666666664,52.9,44.0,6.0,29.0,33.724999999999994
384,Shahi Tukda,General,300,8.0,40.0,12.0,2.0,65,150,90.0,10.0,150.0,0.0,0.0,0.0,1.2000000000000002,0.0,0.0,Any,0.11476190476190477,26.0,44.2,53.4,45.0,3.0,26.5,32.900000000000006
385,Rajma Chawal,General,350,15.0,55.0,6.0,10.0,27,460,730.0,42.0,80.0,0.0,0.0,0.0,0.6000000000000001,0.0,0.0,Any,0.2045833333333333,14.85,90.26666666666665,82.4,100.0,12.6,86.5,71.05
386,Kadhi Pakora,General,250,8.0,25.0,14.0,3.0,60,520,300.0,25.0,40.0,0.0,0.0,0.0,1.4000000000000001,0.0,0.0,Any,0.12083333333333333,15.0,24.4,57.3,52.0,7.5,38.0,39.4
387,Aloo Gobi,General,180,5.0,25.0,8.0,5.0,40,400,500.0,30.0,60.0,0.0,0.0,0.0,0.8,0.0,0.0,Any,0.17463768115942027,10.0,60.13333333333334,65.6,66.0,9.0,57.0,49.85
388,Samosa,General,260,5.0,26.0,16.0,2.0,85,470,170.0,25.0,30.0,0.0,0.0,0.0,1.6,0.0,0.0,Any,0.0836021505376344,22.1,15.933333333333328,53.7,27.0,7.5,14.5,26.299999999999997
389,Rajasthani Dal,General,180,10.0,30.0,4.0,6.0,25,460,700.0,35.0,50.0,0.0,0.0,0.0,0.4,0.0,0.0,Any,0.23369565217391308,7.5,73.06666666666668,70.3,89.0,10.5,78.5,62.6
390,Kachori,General,200,5.0,20.0,12.0,2.0,90,370,160.0,20.0,25.0,0.0,0.0,0.0,1.2000000000000002,0.0,0.0,Any,0.09666666666666666,18.0,26.86666666666667,54.4,24.0,6.0,18.0,25.9
391,Pongal,General,280,6.0,50.0,6.0,2.0,70,520,190.0,25.0,40.0,0.0,0.0,0.0,0.6000000000000001,0.0,0.0,Any,0.08762626262626262,35.0,16.266666666666673,56.7,38.0,7.5,22.0,31.85
392,Gulab Jamun,General,150,3.0,25.0,5.0,1.0,70,70,50.0,5.0,20.0,0.0,0.0,0.0,0.5,0.0,0.0,Any,0.06291666666666666,17.5,48.333333333333336,52.0,28.0,1.5,25.0,26.775
393,Vada Pav,General,320,7.0,40.0,15.0,3.0,80,590,220.0,20.0,20.0,0.0,0.0,0.0,1.5,0.0,0.0,Any,0.0837837837837838,32.0,11.666666666666671,56.5,38.0,6.0,19.0,30.825
394,Butter Chicken,General,350,25.0,12.0,24.0,1.0,0,790,400.0,35.0,50.0,0.0,0.0,0.0,2.4000000000000004,0.0,0.0,Any,0.16770833333333335,0.0,0.0,49.3,100.0,10.5,84.0,61.75
395,Dhokla,General,180,7.0,32.0,2.0,3.0,85,570,220.0,25.0,40.0,0.0,0.0,0.0,0.2,0.0,0.0,Any,0.14891304347826087,27.2,18.86666666666667,60.9,35.0,7.5,30.5,33.7
396,Aloo Paratha,General,320,8.0,45.0,12.0,5.0,35,460,410.0,28.0,45.0,0.0,0.0,0.0,1.2000000000000002,0.0,0.0,Any,0.11936936936936936,15.75,46.533333333333346,64.2,75.0,8.4,51.5,50.95
397,Pani Puri,General,180,4.0,25.0,8.0,2.0,85,410,110.0,15.0,20.0,0.0,0.0,0.0,0.8,0.0,0.0,Any,0.08876811594202899,21.25,21.13333333333333,55.1,25.0,4.5,20.5,26.5
398,Matar Paneer,General,220,10.0,15.0,14.0,3.0,20,480,420.0,25.0,350.0,0.0,0.0,0.0,1.4000000000000001,0.0,0.0,Any,0.2638888888888889,3.0,36.4,57.3,80.0,7.5,65.0,53.2
399,Bhindi Masala,General,150,4.0,10.0,11.0,4.0,15,450,300.0,28.0,80.0,0.0,0.0,0.0,1.1,0.0,0.0,Any,0.18166666666666667,1.5,36.6,61.5,75.0,8.4,66.5,53.275000000000006
400,Pav Bhaji,General,300,6.0,40.0,14.0,6.0,70,560,540.0,40.0,60.0,0.0,0.0,0.0,1.4000000000000001,0.0,0.0,Any,0.13714285714285715,28.0,48.4,67.8,54.0,12.0,36.0,43.35
401,Chicken Biryani,General,400,28.0,45.0,15.0,2.0,50,780,320.0,30.0,40.0,0.0,0.0,0.0,1.5,0.0,0.0,Any,0.16481481481481483,22.5,0.0,54.5,94.0,9.0,64.0,56.875
402,Dosa,General,120,3.0,25.0,1.0,1.0,50,450,230.0,18.0,20.0,0.0,0.0,0.0,0.1,0.0,0.0,Any,0.09313725490196077,12.5,23.93333333333333,54.5,40.0,5.3999999999999995,38.0,34.575
403,Paneer Butter Masala,General,280,12.0,12.0,20.0,3.0,15,600,480.0,32.0,400.0,0.0,0.0,0.0,2.0,0.0,0.0,Any,0.24848484848484848,1.8,26.0,56.2,87.0,9.6,65.5,55.65
404,Fish Fry,General,220,25.0,10.0,10.0,0.0,0,580,400.0,35.0,40.0,0.0,0.0,0.0,1.0,0.0,0.0,Any,0.23240740740740742,0.0,14.666666666666657,50.5,100.0,10.5,93.0,63.85
405,Chole Bhature,General,380,10.0,50.0,16.0,6.0,50,560,320.0,30.0,70.0,0.0,0.0,0.0,1.6,0.0,0.0,Any,0.12674418604651164,25.0,32.93333333333333,66.2,74.0,9.0,46.0,50.2
406,Tandoori Chicken,General,220,30.0,2.0,10.0,1.0,0,480,340.0,25.0,20.0,0.0,0.0,0.0,1.0,0.0,0.0,Any,0.26512345679012345,0.0,24.666666666666657,52.5,100.0,7.5,100.0,65.0
407,Mutton Biryani,General,450,25.0,40.0,20.0,2.0,50,850,380.0,40.0,60.0,0.0,0.0,0.0,2.0,0.0,0.0,Any,0.14533333333333331,20.0,0.0,54.0,88.0,12.0,53.0,53.5
408,Kheer,General,180,5.0,30.0,6.0,1.0,65,120,90.0,10.0,150.0,0.0,0.0,0.0,0.6000000000000001,0.0,0.0,Any,0.13405797101449277,19.5,45.6,52.2,35.0,3.0,28.5,30.0
409,Chicken Curry,General,250,28.0,10.0,13.0,3.0,0,620,370.0,36.0,40.0,0.0,0.0,0.0,1.3,0.0,0.0,Any,0.2633333333333333,0.0,19.466666666666672,58.7,100.0,10.799999999999999,100.0,67.375
410,Pulao,General,280,5.0,50.0,8.0,2.0,65,540,180.0,25.0,40.0,0.0,0.0,0.0,0.8,0.0,0.0,Any,0.08156565656565656,32.5,12.8,56.1,39.0,7.5,22.5,32.1
411,Gobi Manchurian,General,230,5.0,30.0,10.0,4.0,55,620,320.0,28.0,60.0,0.0,0.0,0.0,1.0,0.0,0.0,Any,0.12976190476190477,16.5,21.33333333333333,61.8,53.0,8.4,40.5,41.550000000000004
412,Masoor Dal,General,180,10.0,30.0,2.0,8.0,30,420,730.0,30.0,60.0,0.0,0.0,0.0,0.2,0.0,0.0,Any,0.2615942028985507,9.0,87.86666666666666,76.4,94.0,9.0,84.0,66.35
413,Mushroom Curry,General,200,8.0,15.0,14.0,4.0,10,520,400.0,25.0,80.0,0.0,0.0,0.0,1.4000000000000001,0.0,0.0,Any,0.17433333333333334,1.5,35.066666666666656,60.3,86.0,7.5,72.0,57.15
414,Rava Upma,General,220,4.0,40.0,6.0,2.0,55,470,180.0,25.0,20.0,0.0,0.0,0.0,0.6000000000000001,0.0,0.0,Any,0.08487654320987653,22.0,20.6,56.7,43.0,7.5,31.5,35.25
415,Chicken Korma,General,320,25.0,10.0,20.0,1.0,0,650,380.0,35.0,50.0,0.0,0.0,0.0,2.0,0.0,0.0,Any,0.18130630630630634,0.0,6.333333333333329,50.5,100.0,10.5,87.0,62.650000000000006
416,Rajma Masala,General,280,15.0,45.0,4.0,9.0,27,580,750.0,38.0,80.0,0.0,0.0,0.0,0.4,0.0,0.0,Any,0.2348484848484848,12.15,76.4,79.6,100.0,11.4,89.5,70.65
417,Aloo Tikki,General,180,4.0,20.0,10.0,2.0,85,400,280.0,20.0,30.0,0.0,0.0,0.0,1.0,0.0,0.0,Any,0.09855072463768115,17.0,32.66666666666667,55.0,25.0,6.0,20.5,26.85
418,Butter Naan,General,320,8.0,40.0,12.0,3.0,70,480,150.0,25.0,50.0,0.0,0.0,0.0,1.2000000000000002,0.0,0.0,Any,0.10067567567567567,28.0,19.2,57.9,46.0,7.5,26.0,35.35
419,Shahi Paneer,General,260,10.0,15.0,16.0,2.0,20,540,450.0,28.0,350.0,0.0,0.0,0.0,1.6,0.0,0.0,Any,0.22150537634408604,3.0,27.6,54.0,76.0,8.4,57.0,49.800000000000004
420,Dahi Vada,General,200,6.0,30.0,8.0,2.0,50,380,240.0,20.0,30.0,0.0,0.0,0.0,0.8,0.0,0.0,Any,0.10666666666666665,15.0,32.8,55.6,50.0,6.0,40.0,38.4
421,Baingan Bharta,General,180,4.0,20.0,10.0,5.0,15,460,380.0,30.0,40.0,0.0,0.0,0.0,1.0,0.0,0.0,Any,0.1572463768115942,3.0,45.33333333333333,65.0,79.0,9.0,67.5,55.7
422,Malai Kofta,General,320,8.0,25.0,18.0,4.0,25,590,480.0,32.0,100.0,0.0,0.0,0.0,1.8,0.0,0.0,Any,0.12792792792792793,6.25,31.8,59.800000000000004,77.0,9.6,52.5,50.949999999999996
423,Pesarattu,General,180,5.0,30.0,4.0,6.0,35,420,280.0,25.0,20.0,0.0,0.0,0.0,0.4,0.0,0.0,Any,0.166304347826087,10.5,49.06666666666667,69.3,73.0,7.5,63.5,53.8
424,Vegetable Biryani,General,350,8.0,50.0,12.0,4.0,50,660,320.0,30.0,50.0,0.0,0.0,0.0,1.2000000000000002,0.0,0.0,Any,0.10458333333333333,25.0,16.533333333333328,61.4,62.0,9.0,37.0,43.599999999999994
425,Chicken Tikka Masala,General,340,25.0,12.0,22.0,2.0,0,710,390.0,35.0,60.0,0.0,0.0,0.0,2.2,0.0,0.0,Any,0.1831196581196581,0.0,4.199999999999999,52.9,100.0,10.5,89.0,63.650000000000006
426,Rava Idli,General,150,4.0,30.0,2.0,2.0,65,440,180.0,22.0,20.0,0.0,0.0,0.0,0.2,0.0,0.0,Any,0.11083333333333333,19.5,25.2,57.6,37.0,6.6,33.5,33.85
427,Vegetable Korma,General,250,8.0,20.0,16.0,5.0,25,520,450.0,30.0,100.0,0.0,0.0,0.0,1.6,0.0,0.0,Any,0.16722222222222224,5.0,41.6,63.2,81.0,9.0,63.5,55.050000000000004
428,Kadai Paneer,General,280,12.0,15.0,18.0,3.0,20,550,480.0,32.0,300.0,0.0,0.0,0.0,1.8,0.0,0.0,Any,0.21818181818181817,3.0,31.8,56.800000000000004,84.0,9.6,63.0,54.4
429,Uttapam,General,200,6.0,35.0,4.0,3.0,55,480,280.0,25.0,40.0,0.0,0.0,0.0,0.4,0.0,0.0,Any,0.12899999999999998,19.25,31.06666666666667,60.3,51.0,7.5,41.5,40.55
430,Vegetable Pulao,General,280,5.0,45.0,8.0,4.0,60,560,320.0,25.0,60.0,0.0,0.0,0.0,0.8,0.0,0.0,Any,0.10782828282828283,27.0,28.13333333333333,62.1,50.0,7.5,33.0,39.0
431,Chicken Curry,General,290,26.0,10.0,16.0,3.0,0,620,380.0,35.0,50.0,0.0,0.0,0.0,1.6,0.0,0.0,Any,0.22279411764705884,0.0,18.93333333333333,57.7,100.0,10.5,100.0,67.05
432,Methi Thepla,General,220,5.0,25.0,12.0,4.0,45,480,300.0,28.0,80.0,0.0,0.0,0.0,1.2000000000000002,0.0,0.0,Any,0.14197530864197533,11.25,33.2,61.199999999999996,59.0,8.4,46.5,44.400000000000006
433,Palak Paneer,General,260,12.0,15.0,18.0,4.0,20,550,480.0,32.0,400.0,0.0,0.0,0.0,1.8,0.0,0.0,Any,0.2752688172043011,3.0,35.8,59.800000000000004,88.0,9.6,69.0,57.55
434,Pani Puri,General,80,2.0,15.0,2.0,2.0,85,220,120.0,10.0,20.0,0.0,0.0,0.0,0.2,0.0,0.0,Any,0.11666666666666665,12.75,43.2,56.4,21.0,3.0,26.5,26.45
435,Aloo Paratha,General,320,8.0,40.0,14.0,4.0,70,560,250.0,25.0,50.0,0.0,0.0,0.0,1.4000000000000001,0.0,0.0,Any,0.10968468468468469,28.0,21.06666666666667,60.3,50.0,7.5,30.0,37.95
436,Chicken 65,General,290,25.0,15.0,16.0,1.0,0,680,390.0,35.0,60.0,0.0,0.0,0.0,1.6,0.0,0.0,Any,0.20024509803921572,0.0,5.6,51.7,100.0,10.5,90.0,63.55
437,Chana Masala,General,260,10.0,45.0,4.0,10.0,42,580,750.0,40.0,80.0,0.0,0.0,0.0,0.4,0.0,0.0,Any,0.23010752688172043,18.9,80.4,82.8,94.8,12.0,78.0,67.74000000000001
438,Vada Pav,General,320,8.0,45.0,14.0,4.0,65,580,350.0,25.0,40.0,0.0,0.0,0.0,1.4000000000000001,0.0,0.0,Any,0.10698198198198197,29.25,25.73333333333334,60.3,53.0,7.5,32.5,39.349999999999994
439,Mutton Rogan Josh,General,360,28.0,12.0,24.0,2.0,0,700,410.0,40.0,70.0,0.0,0.0,0.0,2.4000000000000004,0.0,0.0,Any,0.19430894308943086,0.0,5.733333333333341,52.8,100.0,12.0,93.0,64.80000000000001
440,Papdi Chaat,General,200,5.0,30.0,8.0,2.0,65,380,240.0,20.0,30.0,0.0,0.0,0.0,0.8,0.0,0.0,Any,0.09866666666666667,19.5,32.8,55.6,39.0,6.0,30.5,33.2
441,Malabar Parotta,General,260,5.0,35.0,12.0,2.0,75,460,180.0,20.0,50.0,0.0,0.0,0.0,1.2000000000000002,0.0,0.0,Any,0.08602150537634409,26.25,19.2,54.4,33.0,6.0,19.5,28.9
442,Fish Curry,General,280,25.0,10.0,16.0,2.0,0,620,380.0,35.0,40.0,0.0,0.0,0.0,1.6,0.0,0.0,Any,0.21035353535353538,0.0,14.933333333333328,54.7,100.0,10.5,95.0,65.3
443,Gajar Halwa,General,240,5.0,35.0,10.0,2.0,70,120,180.0,20.0,160.0,0.0,0.0,0.0,1.0,0.0,0.0,Any,0.1298850574712644,24.5,54.0,55.0,36.0,6.0,24.0,30.849999999999998
444,Kadhi Pakora,General,220,6.0,20.0,14.0,3.0,45,540,300.0,28.0,80.0,0.0,0.0,0.0,1.4000000000000001,0.0,0.0,Any,0.13703703703703707,9.0,22.4,57.599999999999994,57.0,8.4,44.5,42.49999999999999
445,Rasgulla,General,150,2.0,35.0,0.0,0.0,65,35,40.0,5.0,80.0,0.0,0.0,0.0,0.0,0.0,0.0,Any,0.06625,22.75,49.166666666666664,50.5,25.0,1.5,21.5,24.8
446,Kheer,General,220,4.0,30.0,10.0,1.0,65,95,150.0,20.0,180.0,0.0,0.0,0.0,1.0,0.0,0.0,Any,0.1271604938271605,19.5,50.5,52.0,33.0,6.0,22.5,28.9
447,Paneer Tikka,General,280,15.0,8.0,20.0,2.0,20,620,480.0,30.0,300.0,0.0,0.0,0.0,2.0,0.0,0.0,Any,0.22474747474747475,1.6,20.0,53.0,86.0,9.0,65.0,54.3
448,Matar Paneer,General,240,10.0,20.0,16.0,4.0,35,570,450.0,28.0,200.0,0.0,0.0,0.0,1.6,0.0,0.0,Any,0.20804597701149427,7.0,32.6,60.0,75.0,8.4,59.5,51.5
449,Pav Bhaji,General,320,8.0,40.0,16.0,5.0,55,780,450.0,30.0,100.0,0.0,0.0,0.0,1.6,0.0,0.0,Any,0.1355855855855856,22.0,15.6,63.2,63.0,9.0,41.5,45.25
450,Chicken Biryani,General,400,20.0,45.0,16.0,2.0,50,820,480.0,35.0,60.0,0.0,0.0,0.0,1.6,0.0,0.0,Any,0.13648148148148148,22.5,1.5999999999999996,54.7,78.0,10.5,48.0,49.300000000000004
451,Dosa,General,180,4.0,35.0,2.0,3.0,50,460,280.0,22.0,20.0,0.0,0.0,0.0,0.2,0.0,0.0,Any,0.1108695652173913,17.5,33.866666666666674,60.6,50.0,6.6,42.0,40.199999999999996
452,Lassi,General,120,3.0,20.0,3.0,0.0,25,50,180.0,10.0,100.0,0.0,0.0,0.0,0.30000000000000004,0.0,0.0,Any,0.10882352941176471,5.0,55.8,50.1,51.0,3.0,46.5,37.875
453,Rajma Chawal,General,320,10.0,55.0,6.0,7.0,27,680,750.0,40.0,100.0,0.0,0.0,0.0,0.6000000000000001,0.0,0.0,Any,0.17117117117117117,14.85,57.6,73.2,91.8,12.0,67.5,62.34
454,Chole Bhature,General,400,10.0,50.0,18.0,8.0,50,780,520.0,35.0,100.0,0.0,0.0,0.0,1.8,0.0,0.0,Any,0.14537037037037037,25.0,31.466666666666672,72.1,82.0,10.5,52.0,55.65
455,Hummus,General,170,6.0,20.0,9.0,6.0,6,230,240.0,40.0,40.0,0.0,0.0,0.0,0.9,0.0,0.0,Any,0.20909090909090908,1.2,63.4,69.3,92.4,12.0,81.0,64.245
456,Falafel,General,320,10.0,35.0,18.0,7.0,30,430,400.0,35.0,100.0,0.0,0.0,0.0,1.8,0.0,0.0,Any,0.1677927927927928,10.5,54.466666666666654,69.1,90.0,10.5,66.0,60.1
457,Tabbouleh,General,180,4.0,20.0,10.0,3.0,25,280,250.0,20.0,80.0,0.0,0.0,0.0,1.0,0.0,0.0,Any,0.13478260869565217,5.0,46.66666666666667,58.0,65.0,6.0,54.5,46.4
458,Shawarma,General,400,30.0,25.0,20.0,3.0,20,980,450.0,30.0,120.0,0.0,0.0,0.0,2.0,0.0,0.0,Any,0.19888888888888887,5.0,0.0,56.0,100.0,9.0,87.0,63.650000000000006
459,Moutabal,General,160,3.0,10.0,12.0,2.0,12,240,210.0,25.0,60.0,0.0,0.0,0.0,1.2000000000000002,0.0,0.0,Any,0.11865079365079365,1.2,43.2,54.9,66.8,7.5,57.0,47.04
460,Mandi,General,400,12.0,60.0,10.0,4.0,45,650,300.0,35.0,80.0,0.0,0.0,0.0,1.0,0.0,0.0,Any,0.12018518518518517,27.0,17.0,62.5,73.0,10.5,42.5,48.65
461,Kabsa,General,380,15.0,45.0,16.0,3.0,50,720,350.0,30.0,60.0,0.0,0.0,0.0,1.6,0.0,0.0,Any,0.12441860465116279,22.5,6.9333333333333425,57.2,72.0,9.0,44.0,46.95
462,Fatayer,General,250,8.0,30.0,12.0,3.0,30,380,200.0,20.0,40.0,0.0,0.0,0.0,1.2000000000000002,0.0,0.0,Any,0.11666666666666667,9.0,32.53333333333333,57.4,70.0,6.0,53.0,47.45
463,Manakish,General,280,12.0,30.0,14.0,2.0,45,480,250.0,28.0,120.0,0.0,0.0,0.0,1.4000000000000001,0.0,0.0,Any,0.1505050505050505,13.5,21.06666666666667,54.599999999999994,65.0,8.4,46.5,44.55
464,Lamb Kofta,General,320,25.0,8.0,20.0,2.0,0,620,380.0,35.0,60.0,0.0,0.0,0.0,2.0,0.0,0.0,Any,0.193018018018018,0.0,13.333333333333329,53.5,100.0,10.5,91.0,64.2
465,Labneh,General,150,10.0,6.0,10.0,0.0,4,200,240.0,30.0,350.0,0.0,0.0,0.0,1.0,0.0,0.0,Any,0.3125,0.24,42.0,50.0,77.6,9.0,68.0,51.63
466,Kunafa,General,300,5.0,40.0,14.0,2.0,75,250,100.0,15.0,120.0,0.0,0.0,0.0,1.4000000000000001,0.0,0.0,Any,0.09261904761904763,30.0,34.06666666666667,53.3,33.0,4.5,15.5,27.450000000000003
467,Shish Taouk,General,280,25.0,5.0,18.0,1.0,0,740,380.0,30.0,60.0,0.0,0.0,0.0,1.8,0.0,0.0,Any,0.2025252525252525,0.0,0.0,50.6,100.0,9.0,91.0,63.099999999999994
468,Shawarma Wrap,General,400,15.0,35.0,22.0,4.0,20,950,420.0,35.0,100.0,0.0,0.0,0.0,2.2,0.0,0.0,Any,0.13796296296296298,7.0,0.0,58.9,94.0,10.5,61.0,57.75
469,Mansaf,General,500,25.0,45.0,28.0,3.0,40,800,550.0,40.0,150.0,0.0,0.0,0.0,2.8000000000000003,0.0,0.0,Any,0.15454545454545454,18.0,7.466666666666656,54.6,98.0,12.0,57.0,57.449999999999996
470,Foul Medames,General,240,12.0,40.0,2.0,10.0,40,300,600.0,40.0,80.0,0.0,0.0,0.0,0.2,0.0,0.0,Any,0.25977011494252866,16.0,99.2,83.4,100.0,12.0,85.0,70.85
471,Lamb Shawarma,General,350,30.0,15.0,22.0,2.0,20,880,410.0,35.0,60.0,0.0,0.0,0.0,2.2,0.0,0.0,Any,0.20354166666666668,3.0,0.0,52.9,100.0,10.5,88.0,63.45
472,Laban,General,90,3.0,12.0,3.0,0.0,4,90,220.0,10.0,120.0,0.0,0.0,0.0,0.30000000000000004,0.0,0.0,Any,0.14642857142857144,0.48,54.46666666666667,50.1,63.599999999999994,3.0,60.0,44.355
473,Muhallabia,General,180,5.0,25.0,8.0,1.0,25,75,150.0,15.0,150.0,0.0,0.0,0.0,0.8,0.0,0.0,Any,0.1394927536231884,6.25,53.3,52.1,59.0,4.5,48.5,41.550000000000004
474,Chicken Mandi,General,420,25.0,45.0,18.0,3.0,45,720,390.0,30.0,80.0,0.0,0.0,0.0,1.8,0.0,0.0,Any,0.1606382978723404,20.25,8.8,56.6,95.0,9.0,62.5,57.4
475,Kibbeh,General,260,15.0,20.0,14.0,3.0,30,480,350.0,25.0,60.0,0.0,0.0,0.0,1.4000000000000001,0.0,0.0,Any,0.1685483870967742,6.0,31.73333333333334,57.3,84.0,7.5,66.0,54.6
476,Samboosa,General,180,5.0,20.0,10.0,2.0,80,200,180.0,20.0,20.0,0.0,0.0,0.0,1.0,0.0,0.0,Any,0.10289855072463769,16.0,46.0,55.0,30.0,6.0,25.0,29.25
477,Mutton Biryani,General,400,20.0,45.0,16.0,2.0,50,820,480.0,35.0,60.0,0.0,0.0,0.0,1.6,0.0,0.0,Any,0.13648148148148148,22.5,1.5999999999999996,54.7,78.0,10.5,48.0,49.300000000000004
478,Mango Juice,General,150,1.0,35.0,0.0,2.0,55,10,200.0,15.0,25.0,0.0,0.0,0.0,0.0,0.0,0.0,Any,0.07458333333333333,19.25,70.33333333333333,57.5,37.0,4.5,32.5,33.1
479,Kofta,General,300,25.0,10.0,18.0,3.0,0,680,420.0,30.0,60.0,0.0,0.0,0.0,1.8,0.0,0.0,Any,0.20999999999999996,0.0,14.8,56.6,100.0,9.0,97.0,65.8
480,Makbous,General,380,15.0,45.0,18.0,4.0,55,850,380.0,35.0,90.0,0.0,0.0,0.0,1.8,0.0,0.0,Any,0.1420542635658915,24.75,0.0,60.1,73.0,10.5,45.5,48.65
481,Lamb Ouzi,General,450,20.0,50.0,20.0,3.0,40,820,550.0,30.0,120.0,0.0,0.0,0.0,2.0,0.0,0.0,Any,0.139,20.0,8.666666666666657,56.0,88.0,9.0,52.0,53.05
482,Fattoush,General,180,5.0,25.0,8.0,4.0,25,320,250.0,20.0,120.0,0.0,0.0,0.0,0.8,0.0,0.0,Any,0.17536231884057968,6.25,47.46666666666667,61.6,71.0,6.0,60.5,50.300000000000004
483,Mansaf,General,500,25.0,45.0,28.0,3.0,40,800,550.0,40.0,150.0,0.0,0.0,0.0,2.8000000000000003,0.0,0.0,Any,0.15454545454545454,18.0,7.466666666666656,54.6,98.0,12.0,57.0,57.449999999999996
484,Kibbeh Nayyeh,General,250,15.0,15.0,18.0,2.0,0,350,300.0,25.0,50.0,0.0,0.0,0.0,1.8,0.0,0.0,Any,0.1597222222222222,0.0,35.8,53.1,98.0,7.5,78.0,60.15
485,Falafel Wrap,General,320,10.0,35.0,18.0,5.0,30,680,350.0,35.0,80.0,0.0,0.0,0.0,1.8,0.0,0.0,Any,0.1443693693693694,10.5,18.133333333333344,63.1,82.0,10.5,58.0,54.6
486,Labneh Manakish,General,280,10.0,30.0,15.0,2.0,40,480,250.0,25.0,120.0,0.0,0.0,0.0,1.5,0.0,0.0,Any,0.1361111111111111,12.0,20.66666666666667,54.0,64.0,7.5,45.0,43.575
487,Arayes,General,380,20.0,30.0,22.0,3.0,50,780,400.0,35.0,100.0,0.0,0.0,0.0,2.2,0.0,0.0,Any,0.15988372093023256,15.0,1.8666666666666565,55.9,82.0,10.5,54.0,52.0
488,Kunafa,General,320,5.0,40.0,16.0,2.0,75,200,100.0,15.0,120.0,0.0,0.0,0.0,1.6,0.0,0.0,Any,0.08761261261261262,30.0,38.26666666666667,52.7,33.0,4.5,13.5,26.900000000000002
489,Baklava,General,320,5.0,30.0,18.0,2.0,55,200,100.0,15.0,120.0,0.0,0.0,0.0,1.8,0.0,0.0,Any,0.08761261261261262,16.5,37.46666666666667,52.1,45.0,4.5,23.5,32.35
490,Karak Tea,General,60,2.0,10.0,1.0,0.0,30,10,50.0,5.0,10.0,0.0,0.0,0.0,0.1,0.0,0.0,Any,0.056818181818181816,3.0,51.93333333333334,50.2,46.0,1.5,48.0,36.325
491,Kabsa,General,420,20.0,50.0,15.0,3.0,50,780,400.0,35.0,80.0,0.0,0.0,0.0,1.5,0.0,0.0,Any,0.14202127659574468,25.0,4.666666666666657,58.0,82.0,10.5,50.0,51.724999999999994
492,Sambousek,General,240,10.0,25.0,12.0,2.0,45,360,220.0,20.0,60.0,0.0,0.0,0.0,1.2000000000000002,0.0,0.0,Any,0.12988505747126436,11.25,31.86666666666667,54.4,61.0,6.0,46.5,42.7
493,Mujadara,General,320,10.0,55.0,6.0,8.0,35,520,450.0,30.0,80.0,0.0,0.0,0.0,0.6000000000000001,0.0,0.0,Any,0.168018018018018,19.25,57.6,75.2,91.0,9.0,67.5,61.85
494,Shakshuka,General,250,10.0,15.0,18.0,4.0,50,480,300.0,20.0,100.0,0.0,0.0,0.0,1.8,0.0,0.0,Any,0.16111111111111115,7.5,30.8,58.6,66.0,6.0,51.0,46.150000000000006
495,Lentil Soup,General,180,8.0,30.0,4.0,8.0,35,480,400.0,25.0,60.0,0.0,0.0,0.0,0.4,0.0,0.0,Any,0.23876811594202896,10.5,59.066666666666656,75.3,87.0,7.5,77.5,62.3
496,Foul Sandwich,General,300,15.0,45.0,6.0,6.0,40,580,450.0,35.0,120.0,0.0,0.0,0.0,0.6000000000000001,0.0,0.0,Any,0.20214285714285715,18.0,43.6,69.7,90.0,10.5,69.0,60.849999999999994
497,Chicken Shawarma,General,350,30.0,20.0,18.0,2.0,20,880,420.0,35.0,60.0,0.0,0.0,0.0,1.8,0.0,0.0,Any,0.20354166666666668,4.0,0.0,54.1,100.0,10.5,88.0,63.75
498,Harira Soup,General,220,10.0,30.0,8.0,4.0,40,550,320.0,30.0,80.0,0.0,0.0,0.0,0.8,0.0,0.0,Any,0.18086419753086425,12.0,29.13333333333333,62.6,72.0,9.0,59.0,51.3
499,Lamb Kabsa,General,480,25.0,40.0,22.0,3.0,50,840,470.0,30.0,120.0,0.0,0.0,0.0,2.2,0.0,0.0,Any,0.15,20.0,0.5333333333333279,55.4,92.0,9.0,54.0,54.5
500,Maamoul,General,180,3.0,20.0,10.0,1.0,68,30,80.0,15.0,15.0,0.0,0.0,0.0,1.0,0.0,0.0,Any,0.06340579710144927,13.6,52.333333333333336,51.5,29.2,4.5,23.0,27.36
501,Baba Ganoush,General,150,2.0,10.0,12.0,4.0,10,180,210.0,20.0,30.0,0.0,0.0,0.0,1.2000000000000002,0.0,0.0,Any,0.12666666666666665,1.0,57.2,60.4,74.0,6.0,65.0,51.8
502,Za'atar Manakish,General,250,5.0,30.0,12.0,2.0,55,380,220.0,25.0,120.0,0.0,0.0,0.0,1.2000000000000002,0.0,0.0,Any,0.1163888888888889,16.5,29.86666666666667,54.9,45.0,7.5,30.5,35.2
